p_val,avg_log2FC,pct.1,pct.2,p_val_adj,cluster,gene
6.976477126757054e-207,4.66223728508373,0.341,0.023,1.3092056976072288e-202,9,PHLDA1
2.0744596789688845e-141,2.877621107136951,0.724,0.163,3.8929310335530087e-137,9,RGCC
2.2633853276140094e-103,5.269242570951181,0.13,0.006,4.24746890580045e-99,9,CCL2
3.1731014118685825e-98,3.9358012980807726,0.195,0.016,5.954642109512582e-94,9,PPARG
9.098819532824322e-88,4.812348687893937,0.119,0.006,1.7074844735298123e-83,9,BCAR3
3.3035383128695435e-85,3.585923740288519,0.218,0.023,6.199419997930985e-81,9,CD109
2.4214411482668316e-83,4.015434463811839,0.176,0.015,4.544076458837536e-79,9,SMOX
9.778033989652969e-81,2.2255900271577578,0.628,0.182,1.834945858498276e-76,9,G0S2
7.031986478175371e-79,3.906934406881106,0.226,0.026,1.3196225824943902e-74,9,C15orf48
1.4397553451486347e-73,0.9441593948895948,1,0.999,2.701844880705928e-69,9,FTH1
9.054618741867985e-72,2.547232599397354,0.816,0.435,1.699189753098946e-67,9,MAP3K8
3.144199144596454e-71,2.0861052637618704,0.797,0.396,5.900404114749705e-67,9,JARID2
1.905541920528089e-70,4.471239325928556,0.1,0.005,3.5759399680630115e-66,9,PLPP3
6.968500532675714e-68,2.9030478701465885,0.31,0.055,1.3077088099619244e-63,9,B3GNT5
1.510930335430725e-67,2.44600157141891,0.433,0.103,2.8354118674692985e-63,9,LMNA
7.164406731718205e-66,3.174041904298773,0.238,0.034,1.3444725672742383e-61,9,RAPH1
3.2422235242591007e-65,2.073900984316364,0.467,0.12,6.084356665624628e-61,9,HBEGF
4.11590287979724e-63,3.252501710562491,0.23,0.034,7.723903344227501e-59,9,FLNB
4.756787793491015e-62,3.3505199181381995,0.161,0.017,8.926587973265238e-58,9,SDC2
1.5002935294679636e-61,3.516352108139662,0.211,0.029,2.8154508373995805e-57,9,THBD
8.281118519276092e-60,1.8453571303950345,0.755,0.361,1.5540347013273514e-55,9,LINC-PINT
2.887527776384716e-57,1.6852664433420605,0.858,0.554,5.418734625163558e-53,9,HIF1A
3.1204711836812564e-53,3.0504121522136205,0.337,0.081,5.855876223296246e-49,9,CTSL
1.9594074030805487e-52,1.5666482920103864,0.831,0.479,3.6770239326209576e-48,9,ATP2B1
8.046279843062751e-51,2.719056616383164,0.234,0.041,1.5099648753491558e-46,9,EMP1
4.748504436437641e-50,4.118884193367658,0.088,0.006,8.911043425418876e-46,9,CSF1
9.95659494326709e-50,3.5833737312139284,0.36,0.097,1.8684546070535022e-45,9,FABP5
1.9650235555745225e-48,5.52384221513576,0.046,0.002,3.687563204391149e-44,9,MSC
8.624946750071056e-46,3.0469929880854063,0.146,0.019,1.6185575071183344e-41,9,TNFRSF12A
4.3871130829318976e-45,2.4913263713270264,0.345,0.094,8.232856411429999e-41,9,ENSG00000226824
1.3664261348491736e-44,3.6164833936308347,0.096,0.008,2.564235284657959e-40,9,STX1A
4.994835208718187e-44,5.0122089897954325,0.05,0.002,9.37330775268055e-40,9,PHLDA1-AS1
2.7946774053637016e-43,2.7191190616339154,0.211,0.039,5.2444916189055226e-39,9,LHFPL2
2.8458683546041364e-43,4.3031194951739895,0.061,0.003,5.3405565542501224e-39,9,NEU4
2.9362860112046825e-43,2.755142666515748,0.199,0.035,5.5102343286267074e-39,9,SYNJ2
7.428395862739671e-43,5.18327443762799,0.046,0.002,1.3940127676017267e-38,9,MET
9.75861209643503e-43,1.9994611419225246,0.322,0.082,1.8313011460169976e-38,9,TAMALIN
1.3220256615179066e-42,2.016086688792287,0.414,0.132,2.4809133564045034e-38,9,ATP13A3
1.6262783933167283e-42,1.5941992315950277,0.701,0.378,3.0518740328981725e-38,9,IRF2BP2
3.7064414976579905e-42,3.0120260956590856,0.149,0.021,6.955508114504985e-38,9,NRIP3
5.5246547841381854e-42,3.41823718559261,0.126,0.016,1.036756716791372e-37,9,ANKH
3.0873169818692884e-41,1.3865639489482686,0.732,0.403,5.793659048175906e-37,9,UPP1
3.757832485486231e-41,2.8563569172718912,0.142,0.019,7.051948442263461e-37,9,IFITM10
5.313709462955812e-41,2.297441872088845,0.375,0.114,9.971707178182878e-37,9,CXCL2
3.2323242473138133e-40,1.4687111553030638,0.778,0.463,6.065779682509101e-36,9,MAFB
5.575651832013354e-40,1.1480411438161346,0.927,0.649,1.046326822795626e-35,9,CEBPB
1.1184976637331792e-38,2.3099848066086035,0.245,0.056,2.098972715761684e-34,9,GPR183
1.273346216223671e-38,2.3337359914186924,0.33,0.096,2.389561509365341e-34,9,DOCK4
1.4259999618736006e-38,2.2305721747921208,0.245,0.056,2.676031528451999e-34,9,FAM20C
4.77536337692696e-38,1.8144103897336255,0.467,0.175,8.961446913141132e-34,9,DSE
4.98811282787822e-38,1.850115512875064,0.475,0.182,9.360692532796266e-34,9,BHLHE40
1.2864264777832703e-36,6.374585145012341,0.019,0,2.414107928208085e-32,9,LINC01705
1.303188045358931e-36,1.5838093572905545,0.609,0.292,2.44556268592057e-32,9,SGK1
2.7949298791239616e-36,3.377496745480779,0.111,0.014,5.244965411164027e-32,9,SERPINE1
3.4707692187239556e-36,2.969571936277989,0.138,0.021,6.513245515857375e-32,9,DHRS3
4.566433217995226e-36,3.378318895966946,0.149,0.024,8.569368576889842e-32,9,AREG
1.9371635590541124e-35,2.6760363411549317,0.161,0.028,3.6352811349209475e-31,9,CD22
3.8747898875937974e-35,0.7117883093500259,0.996,0.966,7.27143070305852e-31,9,S100A10
1.8778346105055536e-34,5.036901974115958,0.031,0.001,3.523944430074722e-30,9,NKX3-1
8.908591601286663e-33,3.103782729470613,0.119,0.017,1.6717862998974552e-28,9,TNFRSF21
1.1194402567951439e-32,3.3592480128451303,0.119,0.017,2.100741585901767e-28,9,TPST1
1.2462626588009084e-32,3.75718348240559,0.077,0.007,2.338736505505785e-28,9,TMEM158
1.5290618203743482e-32,1.2365481616089948,0.801,0.573,2.8694374121145017e-28,9,IFNGR2
1.5852167023956005e-32,1.3660324392193488,0.72,0.443,2.9748176637155837e-28,9,BCL2A1
1.606646053269374e-32,1.6197649244611387,0.517,0.232,3.0150319835653074e-28,9,MIR22HG
1.710082578473755e-32,1.1991562115552707,0.793,0.543,3.2091409667638487e-28,9,NINJ1
3.275502492392715e-32,4.5517804078495185,0.034,0.001,6.146807977224169e-28,9,ENSG00000235151
3.976829514384523e-32,1.6220871031565227,0.54,0.253,7.462918266693996e-28,9,PID1
2.1092150761789667e-31,4.714570000776113,0.038,0.002,3.958153011957449e-27,9,HS3ST1
2.461643117394083e-31,2.369107280948944,0.257,0.071,4.6195194741017364e-27,9,VEGFA
3.5961822446633975e-31,1.6671301843151105,0.467,0.201,6.748595600335332e-27,9,GABARAPL1
3.8043829957198624e-31,1.7295214544618331,0.425,0.172,7.139305129767894e-27,9,HMGA1
6.953794593075966e-31,1.5096020836135238,0.579,0.296,1.3049490933366357e-26,9,NRIP1
1.331972171511271e-30,1.5197935354792493,0.487,0.211,2.499578977058051e-26,9,FOSL2
3.9632690278656005e-30,3.186705706913985,0.077,0.008,7.437470657692586e-26,9,MN1
7.791542562570189e-30,1.789934044738976,0.375,0.139,1.4621608772919216e-25,9,NXT1
1.44308974479171e-29,1.9991943945799027,0.299,0.094,2.7081022150761226e-25,9,GPRIN3
2.1305912333608244e-29,1.2308489360747656,0.697,0.429,3.998267508524923e-25,9,ARF6
2.2972134249609026e-29,3.27279874603582,0.069,0.007,4.31095071328163e-25,9,RHBDL3
3.120350984089283e-29,1.689700254429076,0.51,0.24,5.855650656741949e-25,9,APOBEC3A
4.3880799299673674e-29,1.2975546733941141,0.582,0.29,8.234670796576762e-25,9,CDKN1A
6.082239176055446e-29,1.1281164842406293,0.766,0.497,1.1413930037785652e-24,9,CD63
5.247437112037875e-28,1.2297912253506786,0.762,0.517,9.847340484450277e-24,9,PLAUR
7.492166253255328e-28,1.41701683317113,0.533,0.259,1.4059799190858947e-23,9,RFX2
1.0757609210019822e-27,1.2616163327359395,0.628,0.344,2.01877294435232e-23,9,PIK3R5
2.2439871542582765e-27,3.615095417271196,0.054,0.004,4.2110662936810815e-23,9,IL10
2.523684756328922e-27,1.5226197638459422,0.406,0.164,4.7359468137268554e-23,9,CXXC5
3.1793599473772533e-27,1.8608798928849644,0.605,0.354,5.966386877248153e-23,9,HMOX1
4.411784026549689e-27,6.694649468902802,0.011,0,8.279153904223147e-23,9,CLDN5
5.932171123421386e-27,2.275108069060986,0.161,0.035,1.1132312330212573e-22,9,IRAK2
6.205866858508923e-27,1.7152717081142894,0.364,0.141,1.1645929746677845e-22,9,EAF1
2.2623050504654497e-26,0.6467407516747317,0.996,0.978,4.245441657703463e-22,9,H3-3B
3.948234809045529e-26,1.7042288097713982,0.307,0.104,7.40925744265484e-22,9,LUCAT1
1.6380140602363058e-25,1.3173787122853255,0.617,0.354,3.0738971854394515e-21,9,CTNNB1
1.868196282821589e-25,2.2555266886928185,0.276,0.092,3.505857144342994e-21,9,ASPH
3.4967445162381966e-25,1.8236471740210054,0.345,0.133,6.5619907591725995e-21,9,EHD4
1.7853416150383204e-24,4.200810035729816,0.038,0.002,3.3503720747809123e-20,9,LNCTSI
2.8074525410363726e-24,2.718396960091703,0.169,0.041,5.268465438508857e-20,9,THBS1
2.9284306390293593e-24,5.376413362549876,0.019,0.001,5.495492937202495e-20,9,NCS1
3.48205655824338e-24,1.601420022001403,0.368,0.149,6.534427337199528e-20,9,SLA
3.643926721978349e-24,1.9069148460076824,0.253,0.081,6.838192886464569e-20,9,TUBB6
4.3184233798838846e-24,1.3874360243810169,0.437,0.2,8.103953314690098e-20,9,CSRNP1
4.403939912505881e-24,2.3774570644745654,0.165,0.04,8.264433639808536e-20,9,SQLE
4.7718560745982976e-24,1.5125619735028955,0.444,0.208,8.954865109591166e-20,9,TLE3
5.277010175114406e-24,5.394830728225031,0.027,0.001,9.902837294619694e-20,9,FN1
1.016955965308725e-23,4.465996457869868,0.042,0.003,1.9084195644983536e-19,9,HAMP
2.2047485006146313e-23,1.9484515142407406,0.203,0.057,4.1374310362534173e-19,9,FOSL1
3.6056637858995836e-23,1.7353391605314195,0.372,0.16,6.766388660619158e-19,9,PNP
5.0874122295479155e-23,1.8720415792579141,0.291,0.106,9.547037789969618e-19,9,ZBTB43
8.17300960900179e-23,1.1506683136848848,0.525,0.268,1.5337469832252759e-18,9,NLRP3
1.0389249835163742e-22,0.8305597871420916,0.877,0.685,1.9496466240668278e-18,9,ATP2B1-AS1
1.3377272898115771e-22,1.2237738444348079,0.452,0.21,2.5103790320604057e-18,9,SNX9
1.7399754900235482e-22,1.5238324559562813,0.437,0.209,3.2652380045781906e-18,9,NFIL3
3.224133452116759e-22,1.4725175012344038,0.337,0.135,6.050408836242311e-18,9,GNA15
4.313077115098827e-22,1.2427615236465435,0.51,0.27,8.09392051419446e-18,9,ATF3
4.965489410190235e-22,1.9016480771578295,0.234,0.075,9.318237427162995e-18,9,MAP4K3
7.770025586380131e-22,1.1750335954378155,0.636,0.406,1.4581230015400954e-17,9,BZW1
8.857027614927277e-22,1.6475058943466705,0.28,0.101,1.6621098022172528e-17,9,CDK14
1.3190606811678728e-21,0.3574283260828688,1,0.995,2.47534927427963e-17,9,SH3BGRL3
2.3651124511236684e-21,1.265971586142601,0.487,0.248,4.438370025778676e-17,9,FOXO3
2.6349057782814954e-21,2.3799527324535323,0.146,0.035,4.944664183523054e-17,9,SLC7A5
2.8381114559459243e-21,1.1964769921097806,0.563,0.319,5.3259999582281216e-17,9,MARCKS
4.7762211941277186e-21,1.1428775177410044,0.59,0.358,8.963056692900077e-17,9,AHR
6.0254916238650556e-21,2.211427409026492,0.13,0.029,1.1307437581345163e-16,9,CXCL3
7.685431901755505e-21,4.545413032773989,0.038,0.003,1.442248150683438e-16,9,SDS
1.2214264269956702e-20,2.987179608616294,0.073,0.01,2.2921288329000747e-16,9,ANKRD9
1.572555911277969e-20,2.1613542529066203,0.157,0.041,2.951058423104237e-16,9,SOCS6
1.5819822066102764e-20,1.286790941315451,0.437,0.216,2.9687478089248445e-16,9,USP12
1.816141509490407e-20,1.1257135797225986,0.621,0.401,3.408171156709698e-16,9,GAB2
2.3061042374886808e-20,2.6023635606697266,0.092,0.016,4.327635212071258e-16,9,SDC4
2.8011761244696574e-20,4.773183086731235,0.027,0.001,5.256687115179759e-16,9,TUBB3
4.9963340703179834e-20,1.0953456580144585,0.479,0.247,9.376120516358728e-16,9,SLC43A2
5.699961967118611e-20,3.166003216015973,0.077,0.012,1.0696548627494787e-15,9,PMP22
1.0977347146777738e-19,1.6439812109869454,0.253,0.09,2.0600089655643104e-15,9,ARRDC3
1.178478328241608e-19,2.7591608428349144,0.092,0.017,2.2115324307782012e-15,9,MTHFD1L
1.3549295024772763e-19,1.2784070688567581,0.467,0.248,2.542660704348857e-15,9,RAPGEF1
1.4620162761242673e-19,2.937849771106706,0.061,0.008,2.7436197437748e-15,9,GEM
1.85564669375356e-19,1.8164463389698997,0.207,0.066,3.4823065854979308e-15,9,PPARD
1.8592589527215762e-19,4.5082274395118835,0.023,0.001,3.4890853506773098e-15,9,ENSG00000291156
1.8720436327050085e-19,0.7485461160513456,0.904,0.785,3.513077081134219e-15,9,ZEB2
1.911027328571775e-19,4.2207434936761645,0.023,0.001,3.586233884797793e-15,9,ENSG00000272482
3.438493915931162e-19,1.39576744212909,0.322,0.135,6.452677682636418e-15,9,MAPK6
5.458215018044524e-19,1.048687881378573,0.54,0.311,1.0242886302862354e-14,9,PRKAG2
5.666725419930753e-19,3.47546506270715,0.046,0.005,1.0634176923042051e-14,9,SOCAR
6.604848699141696e-19,3.1655337397766297,0.05,0.006,1.2394659068809306e-14,9,FGFR1
7.395114459323394e-19,2.015894036572771,0.188,0.059,1.3877671794366281e-14,9,CAMSAP1
8.652571983817839e-19,1.9073232790820034,0.188,0.058,1.6237416584832556e-14,9,CCDC71L
1.0007247218934794e-18,3.8184443227396225,0.038,0.003,1.8779600131053036e-14,9,ENSG00000258077
1.2665778426489195e-18,1.1320582431418358,0.479,0.26,2.3768599795149625e-14,9,PIK3R1
1.3180683204612161e-18,0.989452717768629,0.625,0.388,2.4734870101775183e-14,9,MYO9B
1.3854930607759546e-18,2.0712747520301455,0.115,0.025,2.6000162778521563e-14,9,FAM20A
1.6938514301070984e-18,1.1028855823890753,0.41,0.202,3.178681593738981e-14,9,SNHG15
2.0498661075379286e-18,1.0405430331708252,0.609,0.398,3.846778737405677e-14,9,KLF3
2.1058342975199327e-18,0.5691096112429759,0.977,0.937,3.951808642725906e-14,9,SRGN
3.699940818750804e-18,6.491407371467235,0.011,0,6.943308940467759e-14,9,EPHB1
3.8082798427113e-18,0.9129722341125923,0.854,0.719,7.146617952832026e-14,9,TIMP1
4.424562462887377e-18,1.3708058519315727,0.31,0.128,8.303133917854452e-14,9,NOCT
4.564960659634049e-18,4.671177709165276,0.019,0.001,8.566605173869257e-14,9,TFPI
5.2409290708961214e-18,0.7143617157062385,0.843,0.703,9.835127494443661e-14,9,PLEK
5.388667977328759e-18,0.275305338030039,1,0.998,1.0112374326255149e-13,9,FTL
5.894390723658281e-18,3.3601861593425624,0.038,0.004,1.106141363201713e-13,9,OSBP2
9.338800950382454e-18,1.089936402804136,0.51,0.292,1.7525193863487713e-13,9,CARD19
1.370422374005941e-17,2.4356380282138024,0.096,0.02,2.571734627059549e-13,9,PTGES
1.4040204609166232e-17,2.8287615007278832,0.08,0.014,2.634784796956135e-13,9,LGMN
1.41716373233476e-17,0.5008157628419365,1,0.988,2.6594494600994104e-13,9,VIM
1.7902423138414188e-17,0.8055618987096964,0.889,0.828,3.3595687261548066e-13,9,LGALS3
2.3832878489417315e-17,3.510681560650129,0.046,0.005,4.4724779773240535e-13,9,SPRY2
2.545086338603038e-17,1.4766721368332154,0.429,0.231,4.776109023022461e-13,9,PLIN2
2.5647021866528387e-17,0.7002142378367304,0.82,0.658,4.812920123472717e-13,9,CLEC7A
2.789775277222647e-17,0.5119198337893329,0.973,0.904,5.235292285236018e-13,9,EMP3
4.612670061060549e-17,1.2626819436736805,0.444,0.237,8.656136636586226e-13,9,GNA13
4.680417031210787e-17,1.9783937473217434,0.253,0.102,8.783270600770163e-13,9,ARL4C
7.36440895363421e-17,0.37713753247134907,0.996,0.987,1.3820049842389958e-12,9,GAPDH
8.691172505727187e-17,3.6427074160699933,0.034,0.003,1.630985432424764e-12,9,ENSG00000289863
1.069653984108897e-16,1.2873541710805698,0.448,0.251,2.0073126665787563e-12,9,LITAF
1.3180785099397611e-16,1.1996127384533914,0.456,0.259,2.4735061317529557e-12,9,NCOR2
1.8228322610109958e-16,0.3961860951958802,1,0.952,3.4207270210132346e-12,9,UBC
2.0701209760234788e-16,1.5479069268932393,0.31,0.143,3.88478902360566e-12,9,PPIF
2.4372937692192966e-16,0.9767582879930565,0.525,0.309,4.573825487316932e-12,9,RASGEF1B
3.1189859549767963e-16,1.2858624649705082,0.448,0.25,5.853089043109456e-12,9,MTSS1
3.7370538891144517e-16,1.849933738125509,0.184,0.062,7.01295532831218e-12,9,TMCC3
7.674485755269607e-16,1.0901040964853286,0.352,0.168,1.4401939968338945e-11,9,ENSG00000254420
9.82862968918087e-16,4.325616363351633,0.015,0.001,1.844440647471682e-11,9,GPRC5A
1.0181761691626106e-15,1.0120945808114241,0.625,0.435,1.910709399050555e-11,9,KLF10
1.2949888974525295e-15,1.7405007759217064,0.215,0.081,2.4301761649594168e-11,9,HAVCR2
1.4202122150671676e-15,3.6315155609103416,0.031,0.003,2.665170242795047e-11,9,DIXDC1
1.5193048137907056e-15,4.238057925601295,0.023,0.001,2.8511274135596382e-11,9,SEMA3F
1.8738734379852587e-15,1.2527209886444206,0.364,0.186,3.5165108937231364e-11,9,BCL7B
2.0112376174774433e-15,1.5714177551237694,0.287,0.128,3.77428851295817e-11,9,INSIG1
2.056701027160835e-15,0.9135141845283951,0.594,0.384,3.859605147570023e-11,9,C5AR1
3.801738518226682e-15,2.5100712073567095,0.077,0.015,7.134342503304191e-11,9,MYO10
4.39111980561432e-15,1.2691201234178349,0.433,0.247,8.240375427215834e-11,9,PHACTR1
4.420329860050016e-15,1.302750013612803,0.28,0.122,8.29519101536986e-11,9,ENSG00000234261
4.504059377297597e-15,1.3844670747941006,0.337,0.166,8.45231782743667e-11,9,ANKRD28
7.7418263549508e-15,3.058918397925971,0.05,0.007,1.452831133770067e-10,9,ZFYVE9
8.692433697500839e-15,1.2961891143897488,0.287,0.127,1.6312221076730075e-10,9,DDIT4
9.992542571286217e-15,1.5897501391306572,0.218,0.084,1.8752005389275715e-10,9,CXCR4
1.357857620378604e-14,1.3067245075209006,0.387,0.21,2.548155610402488e-10,9,SLC25A37
1.4988304554649295e-14,1.6736501923015599,0.299,0.141,2.812705232725487e-10,9,IL1RN
2.659393697070779e-14,1.2995049862644086,0.264,0.115,4.990618211923024e-10,9,GNA12
4.406112760739232e-14,1.6868088009478845,0.176,0.062,8.268511206803242e-10,9,DOT1L
5.6152326105139536e-14,0.9748505327473159,0.533,0.337,1.0537545516890486e-9,9,SLC2A3
6.007440765355735e-14,2.00639789909495,0.119,0.033,1.1273563340266572e-9,9,OSM
6.534190669285416e-14,1.1554328228927544,0.299,0.138,1.2262062209981011e-9,9,ABCA1
7.796944375409387e-14,3.9481178579595944,0.023,0.002,1.4631745814893256e-9,9,VPS37D
9.201859837112428e-14,1.1506756174852888,0.391,0.214,1.7268210170325181e-9,9,CXCL16
1.1060558234606902e-13,5.601964428353846,0.011,0,2.075624358306331e-9,9,GALNT14
1.1091931504826621e-13,5.206066686117174,0.011,0,2.0815118661957637e-9,9,ERCC6L
1.2165042730587767e-13,2.5493131291938824,0.061,0.011,2.2828919188221002e-9,9,ARSI
1.5447032466823437e-13,1.8966077128647985,0.107,0.029,2.898790112724086e-9,9,ENSG00000289939
1.6074029157334412e-13,3.131322837133989,0.042,0.006,3.0164523116653756e-9,9,ABHD17C
1.8657790978233009e-13,2.444402210471218,0.088,0.021,3.5013210549752064e-9,9,CD9
1.9720226142940291e-13,0.5270852274424151,0.935,0.875,3.700697637984175e-9,9,SAT1
2.0269299855662681e-13,1.0770058013824158,0.444,0.266,3.803736810913659e-9,9,IFI6
2.1286949266971067e-13,2.7478992541294915,0.034,0.004,3.9947088994397905e-9,9,SCN4B
2.458817360500648e-13,3.668327649035199,0.023,0.002,4.614216658715516e-9,9,S100A2
2.7546982185942436e-13,2.7542757840839514,0.05,0.008,5.1694666770139574e-9,9,LINC01943
2.7964034488374166e-13,1.4135248825728115,0.226,0.094,5.247730712088296e-9,9,ETV3
3.44375772995334e-13,0.9627729904133133,0.391,0.215,6.462555756030438e-9,9,SMAD3
3.496714467516594e-13,2.381285074863877,0.069,0.014,6.561934369741641e-9,9,ENSG00000286263
3.5255827475010596e-13,1.1064752668309084,0.368,0.195,6.616108583960488e-9,9,TRIB1
4.0021322388813916e-13,1.0590219622886496,0.395,0.213,7.510401359484819e-9,9,VPS37B
4.180328014517279e-13,0.975473469675694,0.41,0.224,7.844803552043126e-9,9,CEP170
6.039192387206548e-13,2.1706166274828917,0.08,0.018,1.1333148433831808e-8,9,APBB2
7.92498214382329e-13,0.9217736333513888,0.502,0.332,1.4872021491098787e-8,9,TOP1
9.33803725951274e-13,2.4781990861185847,0.061,0.012,1.7523760721201605e-8,9,HIC1
1.1501709007250951e-12,2.1706146575162086,0.096,0.025,2.1584107123007135e-8,9,LINC01010
1.253813686280545e-12,2.528396543829243,0.069,0.014,2.3529067636740706e-8,9,IL1R1
1.3119661109899508e-12,0.6886379691193782,0.724,0.552,2.4620356038837416e-8,9,ZFP36L1
1.6691731433511184e-12,1.557799804776675,0.234,0.103,3.132370320812709e-8,9,EIF4E
1.7174324850548179e-12,1.7339532201936707,0.195,0.078,3.222933801453871e-8,9,PHLDA2
1.8770212012688392e-12,1.161758946099618,0.264,0.121,3.522417986301104e-8,9,EREG
2.014853647896434e-12,0.8935109383928592,0.437,0.255,3.781074355642449e-8,9,SPAG9
2.0758778323303435e-12,1.014289120525116,0.368,0.198,3.8955923401511226e-8,9,RIT1
2.243743881338394e-12,2.190456486394818,0.103,0.029,4.21060976771963e-8,9,H2AC25
2.785435905297744e-12,0.8337158051636927,0.529,0.348,5.227149019881746e-8,9,YWHAQ
3.0129965855477906e-12,1.0761517669670917,0.364,0.197,5.654189392438984e-8,9,COG3
3.0399868910912124e-12,0.6876497202063669,0.743,0.609,5.704839399821769e-8,9,MAP1LC3B
3.075312787538124e-12,1.9246632868966003,0.107,0.031,5.7711319770940436e-8,9,PTPN7
3.298542645902333e-12,1.7144327235533963,0.18,0.071,6.190045129300319e-8,9,EEPD1
3.4997039112501838e-12,4.684631302174303,0.011,0,6.567544359852095e-8,9,DUSP4
3.845560726879353e-12,1.7737236243942003,0.149,0.052,7.216579260061795e-8,9,RUBCNL
6.093206282131993e-12,0.9463377932838393,0.387,0.216,1.1434510909048897e-7,9,RNF145
7.33331236937629e-12,4.013911205367519,0.019,0.001,1.3761693992371547e-7,9,FAM83G
9.09363621448434e-12,4.468843979395845,0.015,0.001,1.706511772010131e-7,9,ST3GAL6-AS1
9.415491103837586e-12,0.8396776700393422,0.648,0.478,1.7669110605461615e-7,9,CXCL8
9.701317264591489e-12,2.8391715779785556,0.046,0.008,1.820549197873239e-7,9,NRARP
9.978357428747382e-12,1.2246721864339927,0.192,0.077,1.8725385550787338e-7,9,ARID3B
1.0606131958039066e-11,0.8173221319699925,0.559,0.383,1.990346723245611e-7,9,EPC1
1.0747538347341423e-11,0.6496420546785648,0.801,0.674,2.0168830462620915e-7,9,CD44
1.1730066431893604e-11,1.3407922286977842,0.314,0.165,2.2012642666091536e-7,9,ENSG00000274213
1.1784710340619564e-11,2.786718894676767,0.054,0.01,2.2115187425206672e-7,9,RRAD
1.366468837027051e-11,1.9151372023445425,0.092,0.025,2.564315419564964e-7,9,NR4A3
1.5138479352348044e-11,1.1474868742343955,0.28,0.137,2.8408870352616337e-7,9,MECP2
1.5241304372140664e-11,2.840333172583507,0.038,0.005,2.860183178475917e-7,9,ENSG00000289845
2.1761220514495414e-11,1.058090828774366,0.299,0.152,4.0837106417502093e-7,9,VOPP1
2.1771564706423165e-11,1.1399167072104959,0.303,0.156,4.085651832807371e-7,9,AHCTF1
2.2326132542494648e-11,1.1299569165782404,0.352,0.2,4.189722032924546e-7,9,TAB2
2.244740221239879e-11,1.204213154373095,0.307,0.161,4.2124794991787573e-7,9,TBC1D22A-DT
2.5867226336248494e-11,1.1965431727980034,0.207,0.089,4.854243694260393e-7,9,ADAM9
2.7203411686096143e-11,2.9016243949277247,0.034,0.005,5.104992237012802e-7,9,SGIP1
2.8800579259795612e-11,1.9430237203441583,0.111,0.035,5.404716703893245e-7,9,SPHK1
3.013038529146389e-11,0.4710076491876616,0.946,0.893,5.654268103796113e-7,9,LAPTM5
3.661851703757761e-11,1.3175496874722596,0.257,0.125,6.871830907271814e-7,9,ODC1
4.223696812314394e-11,0.9516438799047087,0.379,0.223,7.926189437989191e-7,9,CD58
4.47856422703559e-11,2.89986391834228,0.038,0.006,8.404473628454988e-7,9,RASGRP3
5.1109231011725706e-11,1.176882531926434,0.391,0.238,9.591158291660445e-7,9,ITGAX
5.187209933225288e-11,1.4950632984289611,0.18,0.074,9.734318160690576e-7,9,TLNRD1
5.6815651107409894e-11,0.9950331163379332,0.418,0.257,1.066202508681654e-6,9,MARCKSL1
5.939906142758016e-11,0.9173551112948231,0.395,0.236,1.1146827867499692e-6,9,DNTTIP2
7.262150361714593e-11,1.5684882796564361,0.13,0.045,1.3628151368793606e-06,9,SPIRE1
7.348864464793396e-11,0.6936610341799885,0.732,0.569,1.3790879054631287e-6,9,CD99
8.427193406908578e-11,1.4012099885403344,0.184,0.077,1.5814471147404637e-6,9,PI4K2A
9.259468731074623e-11,2.6287700971694252,0.042,0.007,1.7376319020734638e-6,9,SYN1
1.0998412690170401e-10,1.9784599380815537,0.119,0.039,2.0639621254373775e-6,9,ICOSLG
1.1477000845878745e-10,0.37009977347748757,0.977,0.929,2.1537739787376055e-6,9,RPS16
1.216528131669779e-10,0.4751169739505927,0.77,0.599,2.2829366918915077e-6,9,CHASERR
1.4075570976035327e-10,0.2406122963055939,0.992,0.987,2.6414216493627896e-6,9,EIF1
1.4398128973103678e-10,0.28421236645851344,1,0.991,2.701952883092636e-6,9,RPS26
1.4711535659023148e-10,1.6837835949956599,0.126,0.044,2.760766781772284e-6,9,NEDD4L
1.6139186842667448e-10,2.645687626062347,0.042,0.007,3.0286798028949734e-6,9,SLC7A11
1.6192893731324694e-10,0.9099980192914008,0.368,0.21,3.0387584376203923e-6,9,HIPK2
1.6520982560673467e-10,0.9859208906485553,0.602,0.466,3.100327587335983e-6,9,GLUL
1.679289220994132e-10,2.2475858044417367,0.065,0.015,3.1513541521175882e-6,9,SMAD7
1.793890491126415e-10,3.6095901276857836,0.019,0.002,3.3664148956478303e-6,9,PHLDB1
1.9024550775017706e-10,1.009408155302168,0.387,0.238,3.570147198439823e-6,9,ZMIZ1
1.9590561154836181e-10,1.2698218270885173,0.218,0.1,3.676364706316558e-6,9,ITGA5
2.1397139838492183e-10,0.7122733744287946,0.533,0.371,4.0153872620914434e-6,9,UBE2J1
2.1759498699105809e-10,0.8252431687993453,0.425,0.263,4.083387525874196e-6,9,IL1B
2.39754744385796e-10,2.1737567484069467,0.069,0.017,4.499237533143847e-6,9,PCBP3
2.5236042052207924e-10,2.0724784532057146,0.061,0.014,4.735795651517339e-6,9,NAB2
2.5738695150868194e-10,1.433752145246583,0.207,0.095,4.830123532011925e-6,9,MARCO
2.721707795165266e-10,1.5597410561207035,0.169,0.07,5.1075568484071384e-6,9,ALCAM
2.797491374398184e-10,0.9094174885054295,0.326,0.178,5.249772313195632e-6,9,SLC6A6
2.9326332482551427e-10,0.2680946073520456,0.996,0.979,5.503379553675601e-6,9,RPS9
3.161075013190561e-10,1.092671011580705,0.28,0.145,5.932073369753407e-6,9,GPR132
3.240454930529036e-10,1.3153329029345637,0.119,0.04,6.081037722630789e-6,9,SH3RF3
3.272715718540163e-10,0.747132306445813,0.598,0.449,6.14157831741247e-6,9,RIOK3
3.4311423143046824e-10,2.5187950660487095,0.038,0.006,6.438881667024167e-6,9,CTNNAL1
3.631823799831848e-10,1.1146407557959792,0.295,0.156,6.815480542764446e-6,9,MGAT4A
3.999840170358033e-10,0.9236869828991898,0.326,0.182,7.506100063693885e-6,9,NR4A1
4.106464510721168e-10,0.4512999625349572,0.866,0.72,7.706191300819343e-6,9,TAGLN2
4.2975043226876047e-10,0.7687644630776429,0.525,0.358,8.06469661195556e-6,9,UBAP1
5.354105567657725e-10,4.436508077122257,0.011,0.001,1.0047514508266487e-5,9,ELOVL7
5.537796646427272e-10,0.9463349977361156,0.383,0.235,1.0392229186685419e-5,9,RAP2B
5.566468482343152e-10,0.7811135289230721,0.548,0.394,1.0446034753965159e-5,9,DENND5A
6.023377287002848e-10,0.6403181743943933,0.736,0.621,1.1303469816789546e-5,9,ATP6V1F
6.57691716718993e-10,1.1891984316219468,0.218,0.103,1.2342242755948623e-5,9,TUT4
7.06948437994866e-10,4.001777329501808,0.015,0.001,1.3266594387411655e-5,9,PDGFA
7.102163665739722e-10,3.929821790394284,0.015,0.001,1.3327920335127162e-5,9,MYEOV
7.89394901134167e-10,1.2120054745649451,0.215,0.101,1.4813784714683778e-5,9,SH3GL1
1.1402932989077008e-9,1.3814871885830327,0.18,0.078,2.1398744047301914e-5,9,MGLL
1.1781288031434087e-9,0.965284543780326,0.341,0.199,2.2108765119789207e-5,9,SERTAD1
1.1800473861930266e-9,1.184949017271383,0.203,0.093,2.2144769249298338e-5,9,SSH1
1.232077231775828e-9,0.9770620770769436,0.241,0.118,2.3121161331505187e-5,9,PLK3
1.3285398823559691e-9,1.1341984522321114,0.314,0.177,2.4931379432292117e-5,9,PDE4B
1.3816790371433386e-9,0.8079346258471212,0.429,0.282,2.592858881103189e-5,9,MAPK1IP1L
1.3926564105788864e-9,1.4090763367187669,0.23,0.115,2.6134590200923382e-5,9,STK17A
1.4288269465344532e-9,1.5277223470145886,0.119,0.042,2.681336647866555e-5,9,ANKDD1A
1.4772707760013177e-9,1.9837649202178826,0.084,0.025,2.772246338244073e-5,9,ZMIZ1-AS1
1.4871224455670161e-9,1.4505251345125032,0.146,0.058,2.7907339813510625e-5,9,ZNF331
1.5012708329615716e-9,0.9033041990755609,0.444,0.285,2.817284845135685e-5,9,IER3
1.5222742843201333e-9,1.5784076135568037,0.142,0.056,2.856699921955162e-5,9,PRKAG2-AS1
1.672556882693092e-9,2.4224673182356815,0.042,0.008,3.1387202460618565e-5,9,KIFC3
1.6958178709460002e-9,3.0631279366363424,0.023,0.003,3.182371816617264e-5,9,ENSG00000232640
1.7896999716624947e-9,1.1661287110172915,0.287,0.159,3.358550966821837e-5,9,SH3BP5
2.248856074980589e-9,1.7886040150744824,0.126,0.047,4.220203310308573e-5,9,SKI
2.2728655426506087e-9,3.3717028320411817,0.019,0.002,4.265259477338132e-5,9,NIPAL4
2.3163180137087877e-9,3.422795330545572,0.015,0.001,4.346802384525911e-5,9,NGEF
2.3299089591192026e-9,0.8755138403832627,0.421,0.273,4.3723071526830955e-5,9,ETS2
2.346842197870118e-9,1.0271174902444664,0.318,0.183,4.404084068523063e-5,9,MAPKAPK2
2.5011030691084203e-9,1.2894890827930785,0.157,0.065,4.693570019488861e-5,9,OASL
2.5884580988749357e-9,1.5414441509586716,0.161,0.068,4.8575004683487046e-5,9,RALGDS
3.340057267639021e-9,0.5397696489091341,0.736,0.603,6.267951468451387e-5,9,SUB1
3.3889737112494368e-9,1.4996726707424144,0.157,0.066,6.359748066530694e-5,9,ID1
3.5180350476918187e-9,4.4400812243726895,0.011,0.001,6.601944570498467e-5,9,ENSG00000286886
3.59060146137199e-9,3.435001427021632,0.011,0.001,6.738122702410677e-5,9,VIL1
3.952107322708668e-9,2.681209524384919,0.038,0.007,7.416524601795086e-5,9,STARD13
4.61623870247414e-9,1.0311028523417334,0.352,0.219,8.662833549062971e-5,9,PPP1R14B
4.6201140804237295e-9,1.074016603836219,0.287,0.16,8.67010608332317e-5,9,SKIL
4.770335406000788e-9,1.9113129926713053,0.088,0.028,8.952011422901078e-5,9,CDCA4
4.929602278470918e-9,3.3944925961034365,0.023,0.003,9.250891635778524e-5,9,ENSG00000289958
4.9492847544539804e-9,0.9189178672375437,0.36,0.217,9.28782777020834e-5,9,ELF4
5.105759439969859e-9,2.209406525954925,0.057,0.014,9.581468165047438e-5,9,JAG1
5.2351646634316295e-9,1.0851720844313815,0.226,0.112,9.824310007395796e-5,9,MEF2D
5.508070318656891e-9,2.1505695735915227,0.061,0.015,1.0336444759991522e-4,9,RASAL2
5.791289170238404e-9,0.5388239674934128,0.866,0.763,1.0867933256869389e-4,9,CRIP1
6.147011474700078e-9,2.728646142896825,0.042,0.008,1.1535481733422166e-4,9,TNS1
6.241797491573689e-9,1.2641194500495438,0.218,0.108,1.1713357172687184e-4,9,RHOU
6.368675424875419e-9,1.435417694516214,0.157,0.068,1.1951456302321211e-4,9,NMD3
6.90619046183801e-9,1.0511607425752754,0.241,0.126,1.296015702068521e-4,9,SMURF1
7.210719911005701e-9,1.0948090173689367,0.215,0.105,1.3531636984993298e-4,9,PDE4A
8.408409958736816e-9,0.6629408577066758,0.609,0.466,1.577922212856551e-4,9,GPCPD1
9.612421054714435e-9,2.7579223001635373,0.031,0.005,1.8038669351277107e-4,9,CABLES1
9.701370316576097e-9,1.3697071912899177,0.272,0.149,1.8205591536086702e-4,9,H1-0
1.064622315199775e-8,1.0373125140558601,0.345,0.213,1.9978702367038978e-4,9,RIPK2
1.1075249715983404e-8,0.859841014417186,0.724,0.627,2.0783813617014456e-4,9,H1-10
1.4224313074671041e-8,1.1421739885336832,0.238,0.123,2.6693345915927675e-4,9,EHD1
1.5456709053707925e-8,0.7481867019771908,0.502,0.354,2.900606021018829e-4,9,TPM4
1.6933662874406858e-8,0.6591622935722712,0.452,0.305,3.1777711750111907e-4,9,PIM3
1.7316677974517846e-8,4.341214397197027,0.011,0.001,3.249647788698019e-4,9,LINC01531
1.7494909347068626e-8,4.056006576292449,0.011,0.001,3.283094688070898e-4,9,ENSG00000288979
1.753249140588684e-8,0.9568804845747778,0.352,0.219,3.290147337228725e-4,9,RHEB
1.8708336349092753e-8,0.8238321587196711,0.375,0.235,3.5108063992707463e-4,9,ARL4A
1.883267635381185e-8,2.0045885711784934,0.057,0.014,3.5341400445563316e-4,9,ENSG00000289412
1.9356790627437454e-8,0.17289475217272887,1,0.996,3.6324953291449124e-4,9,FAU
2.012766815468356e-8,0.21186972880560173,1,0.991,3.7771582059079164e-4,9,PTMA
2.01823916567068e-8,0.6057550893502608,0.636,0.477,3.7874276182975976e-4,9,ID2
2.0619566438260858e-8,1.528973038853841,0.119,0.045,3.8694678378040326e-4,9,GADD45G
2.397656505902384e-8,2.8745761313751514,0.038,0.007,4.499442198976414e-4,9,PRDM8
2.4333692278193108e-8,1.3775374673762826,0.1,0.035,4.5664606929257185e-4,9,POFUT2
2.4431556696398938e-8,2.3687557336791643,0.05,0.012,4.5848259296462246e-4,9,LAMB3
2.6019669887861118e-8,2.3360127813216,0.038,0.007,4.882851251156018e-4,9,IL6R-AS1
2.6402399021590825e-8,0.7190757051549094,0.444,0.296,4.954674200391735e-4,9,ETF1
2.8485637539411675e-8,1.3750874421997832,0.149,0.065,5.345614740645994e-4,9,ZNF350
2.872493115961084e-8,1.696391074632191,0.103,0.037,5.39052058141257e-4,9,BCAT1
3.1056272499555764e-8,1.0503411001936647,0.23,0.121,5.828020097266635e-4,9,SMIM3
3.2989586810129376e-8,3.6487337493834566,0.019,0.002,6.190825860788879e-4,9,ULBP2
3.6556353652136877e-08,0.9492965195352606,0.284,0.159,6.860165326360006e-4,9,CPD
3.8771806819396806e-8,0.9115381526235484,0.368,0.24,7.275917267728004e-4,9,CHST15
3.945903132628029e-8,1.0032053553303946,0.238,0.127,7.404881818689759e-4,9,CHKA
3.9483768752658816e-8,1.1209287789713944,0.211,0.108,7.409524044123953e-4,9,DENND4C
4.0425466639342946e-8,1.4067032927778957,0.23,0.123,7.586243069539097e-4,9,ACSL3
4.2063772409248494e-8,2.1685510319373833,0.061,0.017,7.893687530319572e-4,9,SPSB1
4.334291482123733e-8,1.49565546716972,0.107,0.04,8.133731395353398e-4,9,AMZ1
4.516455487749652e-8,2.2966362726437404,0.034,0.006,8.475580368310997e-4,9,PLCG1-AS1
4.6538272326982766e-8,0.8340734709902913,0.307,0.181,8.733372184881586e-4,9,GATAD2A
4.7745590358522535e-8,0.5233160286537344,0.762,0.649,8.959937486680339e-4,9,BTG1
4.9280902658065943e-08,0.9307705816118681,0.257,0.142,9.248054192812655e-4,9,RNF11
5.421717251500897e-8,2.9689025920382646,0.023,0.003,0.0010174394594166583,9,OTUB2
5.5015112167591036e-8,3.0645792994994574,0.023,0.003,0.0010324135949370133,9,SLCO4A1
5.6193271690168443e-8,1.4055820066625535,0.161,0.074,0.001054522936537701,9,DUSP5
5.716274013316923e-8,2.7688353336009066,0.038,0.008,0.0010727159813390538,9,SLC16A10
5.825290982717003e-8,1.4977527973521219,0.13,0.054,0.0010931741058166728,9,NPC1
5.983490303649887e-8,3.3042800292527783,0.019,0.002,0.0011228617903829379,9,ENSG00000289898
6.136197873457014e-8,0.8474217752683458,0.444,0.312,0.0011515188929329431,9,KDM6B
6.329700610739162e-8,0.8749616332624797,0.31,0.188,0.0011878316166113111,9,CD300E
6.636699293718106e-8,2.3801600343076474,0.05,0.012,0.0012454429894591399,9,HOMER2
6.943308313144938e-8,3.736718311500465,0.011,0.001,0.0013029812380447791,9,ENSG00000236304
7.071000549349883e-8,0.3752334193557103,0.889,0.845,0.001326943963090999,9,GNG5
7.458062840040923e-8,0.7062541236733391,0.525,0.395,0.0013995800725620795,9,FAM107B
7.704770820179257e-8,0.4321298875706985,0.843,0.763,0.0014458772921148392,9,ATP6V0B
7.794920064081461e-8,0.497352148515411,0.575,0.415,0.001462794699225527,9,ODF3B
8.415815449887965e-8,0.753954092989898,0.418,0.278,0.0015793119273259755,9,RUNX1
8.711264709328195e-8,2.5480563762731196,0.038,0.008,0.001634755935352529,9,MELTF
8.860714758658258e-8,1.3670017571862751,0.23,0.126,0.0016628017316098088,9,GPAT3
1.052971581812604e-7,2.9107584536897395,0.019,0.002,0.0019760064704295328,9,RFX8
1.0870080909930074e-7,0.6759636382528392,0.456,0.321,0.0020398793835574775,9,PPP2CA
1.1078255092377362e-7,1.379474639437257,0.146,0.065,0.002078945350635536,9,LONRF3
1.1095151233459336e-7,1.038068841206231,0.245,0.135,0.002082116080470979,9,ADM
1.1507256469440825e-7,2.8235420197790995,0.027,0.004,0.002159451749055265,9,ITGB8
1.4345343491423675e-7,0.861210465673744,0.452,0.316,0.0026920471596005666,9,HOTAIRM1
1.5060727983764787e-7,1.7814978458301423,0.054,0.014,0.0028262962134333,9,JARID2-AS1
1.5439985031999864e-7,0.680125962747484,0.467,0.332,0.0028974675911050945,9,AFF4
1.657189887154382e-7,1.0033129433925678,0.203,0.104,0.0031098825422339136,9,GGA2
1.812549633785841e-7,0.5098125956764956,0.713,0.571,0.003401430642762509,9,ELF1
1.8252722640825376e-7,0.8053073745045948,0.287,0.168,0.0034253059307772903,9,AAK1
1.9461440871684832e-7,0.5436685438464954,0.69,0.538,0.0036521339939803756,9,LGALS2
2.046235790529081e-7,1.1442960158722133,0.18,0.089,0.003839966084506873,9,ENSG00000289888
2.1246057744762934e-7,1.607823635071948,0.126,0.054,0.0039870351963822125,9,GZF1
2.1304098118310477e-7,2.848987237624073,0.031,0.006,0.003997927052882144,9,DNAJB5
2.1664212304198145e-7,0.5346002606454299,0.513,0.364,0.0040655060810058236,9,MCUB
2.1755577243618177e-7,0.9090205057904891,0.318,0.199,0.004082651625537387,9,TPD52L2
2.2435783566006465e-7,4.195896565656156,0.011,0.001,0.0042102991439967735,9,CDC42BPG
2.2767284690623242e-7,3.8293300394065994,0.011,0.001,0.004272508645042358,9,ENSG00000187185
2.283415048438435e-7,3.6250704004493564,0.011,0.001,0.004285056679899567,9,ENSG00000203325
2.415340766384158e-7,0.6741416354211169,0.464,0.321,0.004532628482196511,9,ENSG00000257764
2.751840648028207e-7,2.896082343070546,0.031,0.006,0.005164104160089733,9,P2RY1
2.7524142750354326e-7,2.9566301972940914,0.027,0.004,0.005165180628531493,9,TGM3
2.840842413564031e-7,3.3134919393113087,0.019,0.002,0.00533112487329426,9,GPNMB
2.9686965029996585e-7,0.644487400890829,0.387,0.25,0.005571055857529159,9,GYPC
3.0798299451308395e-7,1.7013277300076683,0.092,0.034,0.005779608875032534,9,TUBB2A
3.166319340900262e-7,0.555282969285112,0.663,0.554,0.005941914875133431,9,PICALM
3.202225998811407e-7,1.8605410532847624,0.046,0.011,0.006009297309369486,9,ZFHX3-AS1
3.3842657257989607e-7,0.762878112150892,0.31,0.191,0.006350913061034329,9,EMD
3.4025704905847317e-7,0.7326634525297491,0.345,0.22,0.006385263782631307,9,PCIF1
3.4833100193869703e-7,1.175195825000553,0.195,0.102,0.006536779582381589,9,ENSG00000288827
3.628200422131897e-7,1.4149989034779957,0.103,0.04,0.006808680912172718,9,ZNF577
3.7239337843040866e-7,2.270898029273972,0.046,0.011,0.006988334139625049,9,NRP2
3.93544063803325e-7,1.2714079600893349,0.142,0.064,0.0073852479013331975,9,LINC00513
4.115925107010679e-7,1.4346837717575376,0.153,0.072,0.00772394505581624,9,MCTP2
4.728940835598754e-7,1.075225180790052,0.172,0.085,0.008874330372084622,9,SRXN1
4.744734383006354e-7,1.5290713667060043,0.149,0.071,0.008903968543149725,9,HIF1A-AS3
5.035082202711483e-7,1.2740037500171064,0.149,0.07,0.009448835261608368,9,ENSG00000269968
5.112650201857256e-7,1.432733836721511,0.134,0.06,0.009594399368805327,9,THAP4
5.321368126001217e-7,0.7903955625842887,0.31,0.19,0.009986079425253883,9,SERTAD2
5.469957036525284e-7,0.6600767288991602,0.383,0.251,0.010264921374743349,9,EP300
5.877592022379776e-7,0.8555454428172322,0.345,0.215,0.01102988918919789,9,BASP1
6.058422207227214e-7,0.8170439301036299,0.287,0.172,0.011369235114082589,9,IVNS1ABP
6.06569381621313e-7,2.3630258598609055,0.046,0.012,0.01138288101550556,9,AVPI1
6.104090171795647e-7,0.22068745194935468,0.989,0.971,0.011454935616391711,9,PFDN5
6.129576665952448e-7,0.5890718233493693,0.429,0.292,0.011502763571326364,9,PLEC
6.383763007325011e-7,4.172204539337924,0.011,0.001,0.011979769659546115,9,ARNT2
6.471773055024249e-7,3.87122676545673,0.011,0.001,0.012144929315058506,9,ENSG00000261273
6.498403305122861e-7,3.599229599293837,0.011,0.001,0.012194903642393562,9,EPCAM-DT
6.538579599365609e-7,1.696044300462758,0.069,0.022,0.012270298476169502,9,TRABD-AS1
6.662482670269752e-7,2.039119860844367,0.038,0.009,0.012502814979028215,9,MAPK13
6.874103978173138e-7,0.6252731933935973,0.521,0.393,0.012899943525439711,9,ZNF385A
7.071440249290144e-7,3.3603428939940168,0.015,0.002,0.013270264771817884,9,CACNA2D2
7.112286828515318e-7,2.8280910111655775,0.019,0.003,0.013346917462391845,9,MREG
7.452097576347331e-7,0.3459078957248076,0.996,0.996,0.013984606311773402,9,MALAT1
7.536669366104443e-7,1.1867788041255278,0.172,0.087,0.014143313732431597,9,DENND1B
8.11885922982057e-7,1.3737429684080877,0.115,0.049,0.015235851230681281,9,ENSG00000288703
8.163609614053616e-7,0.9517241745358526,0.272,0.165,0.015319829801733015,9,KCTD20
8.707427709293741e-7,1.769682046304796,0.057,0.017,0.016340358839260636,9,SLC35E4
8.86035850702375e-7,0.6994553229126128,0.441,0.32,0.016627348774280768,9,EZR
8.878026819879575e-7,1.1755329256800184,0.207,0.114,0.01666050513018601,9,ARID5A
1.0241374383404125e-6,1.574307865893195,0.077,0.027,0.01921896316789618,9,SLC26A11
1.077527909422388e-6,1.2834614243738567,0.123,0.054,0.020220888748220534,9,KANSL3
1.078633393383747e-6,2.8588302391744627,0.027,0.005,0.020241634260239397,9,PGAP1
1.0868060211762663e-6,2.9010947212637275,0.019,0.003,0.020395001793393815,9,OGFR-AS1
1.0917658114467212e-6,0.9175155342473077,0.261,0.156,0.02048807721760917,9,ABHD2
1.190799651634296e-6,2.0697934315315907,0.05,0.014,0.022346546262569197,9,ENSG00000289930
1.2217572193715724e-6,0.717559020935885,0.28,0.166,0.02292749597872693,9,ANKLE2
1.2569391054329188e-6,3.356179883374752,0.015,0.002,0.023587719252554155,9,STX1B
1.2684150699633756e-6,3.39439748159685,0.015,0.002,0.023803077202932708,9,ENSG00000287778
1.457542910883604e-6,1.2717511275728457,0.126,0.057,0.027352250265641715,9,SMIM13
1.478686065322182e-6,1.4537452209702404,0.088,0.033,0.027749022701836067,9,SEMA6B
1.5678275873598466e-6,0.5673449820297654,0.621,0.505,0.029421852504394882,9,VAPA
1.6123000797507416e-6,3.8154779704820765,0.011,0.001,0.030256423296602417,9,ENSG00000286698
1.6205974657340957e-6,4.0634250540201995,0.011,0.001,0.03041213204196604,9,MAMLD1
1.7439812033215308e-6,0.9921863084982037,0.184,0.096,0.032727551261531845,9,ARRDC4
1.8197021854014772e-6,1.2859604523401054,0.203,0.114,0.03414853121124412,9,RNF168
1.8628986644338287e-6,2.167638353309477,0.038,0.009,0.03495915633676523,9,CD226
2.0241395809614767e-6,0.49744824522667785,0.414,0.283,0.03798500337632307,9,RETN
2.0414228567115847e-6,1.997098051921582,0.034,0.008,0.0383093413290496,9,BRPF3-AS1
2.10616827220204e-6,1.2057683124726974,0.18,0.096,0.03952435379614348,9,CD82
2.2430157086352143e-6,0.433173099335628,0.72,0.621,0.04209243278824843,9,RBM39
2.3329922936724894e-6,0.8554364029993146,0.387,0.274,0.043780933383057934,9,FBP1
2.366681297382728e-6,0.4105501086745187,0.648,0.538,0.04441314122668427,9,CYRIB
2.3691821831303524e-6,2.3420090927485226,0.031,0.006,0.044460072848624195,9,ADIRF-AS1
2.4327021420311475e-6,1.2587407226075238,0.096,0.038,0.045652088397356516,9,SH3RF1
2.4835405041103358e-6,0.40325406991746204,0.812,0.717,0.04660612110013456,9,MCL1
2.6560396584106104e-6,0.5406713405191982,0.441,0.313,0.049843240229733514,9,TREM1
3.268311581561308e-6,0.6216849109609857,0.372,0.256,0.061333135139579505,9,NEDD9
3.31743567148036e-6,2.7582559568321634,0.019,0.003,0.06225499781100044,9,TM4SF19
3.3407253351080625e-6,1.0213544105041674,0.142,0.069,0.0626920516386379,9,GABPB1
3.3542487891065862e-6,0.5188082338315185,0.602,0.488,0.0629458327763742,9,KMT2E
3.3679264204846266e-6,2.539259232185296,0.023,0.004,0.0632025072068145,9,EPAS1
3.3926271255871717e-6,2.4383993151919467,0.023,0.004,0.06366604063876886,9,HYMAI
3.4378864842375337e-6,2.4239984939873436,0.019,0.003,0.06451537776320156,9,ENSG00000290549
3.613211316927892e-6,1.0027975394184958,0.226,0.133,0.06780552357346882,9,SAMD4B
3.667713668923047e-6,3.012291046448275,0.015,0.002,0.0688283147110099,9,RGS9
3.6863952526765838e-6,0.5838093267953685,0.525,0.405,0.06917889331172877,9,CSNK1A1
3.7133217155891637e-6,3.334565213848128,0.011,0.001,0.06968419531474625,9,MATN4
3.7493241007499926e-6,3.07105637677277,0.011,0.001,0.07035981607467436,9,ST18
3.779936106428345e-6,1.1939782766438238,0.195,0.11,0.07093428097323431,9,ELL2
3.854561274487561e-6,1.6494994178743143,0.069,0.024,0.07233469687703356,9,MCF2L2
3.863945204230392e-6,0.9478984643534403,0.31,0.21,0.07251079570258753,9,PRNP
4.135644474961281e-6,1.155834888550687,0.153,0.077,0.0776095042171234,9,ENSG00000288999
4.143937365054275e-6,1.8183149980282,0.05,0.015,0.07776512859260852,9,ENSG00000251127
4.149893759895822e-6,0.6653875672411348,0.272,0.166,0.077876906298205,9,CUL4A
4.46256390698425e-6,1.9744626285778435,0.034,0.008,0.08374447427846644,9,MICALL2
4.503342848548169e-6,2.3023183654442443,0.023,0.004,0.08450973189585495,9,ST7-AS1
4.566378948283058e-6,2.3433895809804612,0.027,0.005,0.08569266734347987,9,PRXL2A
4.581428660914668e-6,0.7052299235208708,0.433,0.319,0.08597509025072465,9,CD86
4.866158564575753e-6,2.711530271981,0.019,0.003,0.09131833162282858,9,ENSG00000231201
4.885467330394379e-6,1.0046572414356474,0.169,0.088,0.09168067992218092,9,USP36
4.927513950878127e-6,0.7545072223506292,0.341,0.231,0.09246972680217894,9,FNIP1
4.9351271681509276e-6,1.0277535044451813,0.195,0.109,0.0926125964375203,9,JOSD1
4.963946595086369e-6,2.0836288496657036,0.038,0.01,0.0931534218033908,9,ENSG00000288928
5.014666488639073e-6,0.4674282340855691,0.598,0.474,0.09410523132580084,9,BID
5.165742593973676e-6,2.8749426376302423,0.027,0.005,0.09694032551851,9,NTSR1
5.186786318209475e-6,1.2087891792240817,0.123,0.057,0.09733523204751901,9,PER2
5.190465588414202e-6,0.47381745316983603,0.559,0.436,0.09740427723218092,9,REL
5.352847132074069e-6,1.0584430144330468,0.211,0.124,0.10045152928050198,9,DDAH2
5.655981527306268e-6,2.286668113533629,0.046,0.013,0.10614014934142942,9,KLF5
5.9300876912618125e-6,0.7025653784143716,0.387,0.282,0.11128402561421917,9,MIDN
6.388315081524436e-6,2.7910880770887982,0.027,0.005,0.11988312081988756,9,HS3ST3B1
6.446164918437113e-6,0.8824003740605688,0.28,0.178,0.12096873085939087,9,PFDN1
6.490480868153567e-6,0.5841995078788504,0.51,0.397,0.12180036397176983,9,TET2
6.641107697277614e-6,0.6292224044895398,0.517,0.413,0.1246270270471117,9,MGAT1
6.8014717625811e-6,0.29829683552342656,0.766,0.657,0.12763641909659693,9,PTP4A2
6.969283578438848e-6,1.052095434553352,0.199,0.114,0.1307855756329834,9,TBC1D7
7.047889632761663e-6,1.2644816273430632,0.065,0.023,0.13226069684840536,9,SLC39A8
7.050873843694117e-6,0.6442352314955073,0.41,0.295,0.1323166985507638,9,STK24
7.362476952936487e-6,1.53820260578709,0.061,0.021,0.1381642424988061,9,BRPF3
7.742321963812923e-6,3.3871987916470063,0.011,0.001,0.14529241397291331,9,CEMIP
8.033591141175958e-6,0.13618366125704817,1,0.997,0.15075837135530804,9,RPS28
8.405172181906206e-6,1.8323871369204938,0.069,0.025,0.15773146116565187,9,OLR1
8.424140503268223e-6,0.8223600793960351,0.241,0.148,0.15808742068433146,9,NAA50
8.56950245778918e-6,0.3730604187568458,0.747,0.639,0.16081528312287177,9,CDV3
8.791037836641622e-6,0.5623821450591727,0.406,0.29,0.16497261604241667,9,RABGEF1
8.851313702757664e-6,0.6537508619229078,0.418,0.304,0.16610375294595034,9,LRRFIP2
9.032501562024848e-6,0.8826308550674737,0.203,0.116,0.1695039243129583,9,CERK
9.220430333113453e-6,0.3992891257342839,0.808,0.737,0.17303059563120707,9,CTSD
1.0282454691502227e-5,0.7312957744468649,0.364,0.258,0.1929605447407308,9,EML4
1.1067170423632039e-5,1.4858305343121396,0.103,0.046,0.20768652016987885,9,ITGAV
1.1126148334389959e-5,1.4458751430076224,0.088,0.036,0.20879329964316198,9,ADAM28
1.1148319110183567e-5,0.8961813273923105,0.245,0.151,0.20920935642170482,9,FNDC3A
1.1410875061513094e-5,0.7554239227815138,0.241,0.148,0.21413648140435473,9,RREB1
1.1781639025197273e-5,1.0915445689857712,0.161,0.086,0.221094237946852,9,CRADD
1.2190631672066276e-5,1.0999550940690557,0.161,0.086,0.22876939395799573,9,ABHD12
1.2613529526002803e-5,0.7552984790730098,0.299,0.199,0.2367054950849686,9,RANBP2
1.262950988719948e-5,1.1967226448744948,0.13,0.064,0.23700538254318543,9,SLC4A7
1.2686051841997158e-5,2.5334875413276334,0.019,0.003,0.23806644886691866,9,FKBP6
1.2754282481379347e-5,2.0389332650229677,0.042,0.012,0.23934686504556482,9,LINC00484
1.2856999098972825e-5,0.86024455186879,0.226,0.136,0.24127444509132404,9,ZFAND2A
1.2863233106801711e-5,0.9950727125975383,0.161,0.086,0.2413914324822409,9,FEM1C
1.3195565641898837e-5,0.8335299127396145,0.249,0.158,0.2476279848358736,9,UBE2Q2
1.3900606010063407e-5,0.7343302144437737,0.379,0.273,0.2608587723848499,9,ZFAND6
1.4078108213612365e-5,1.5403590307592332,0.08,0.032,0.2641897787366496,9,ENSG00000289526
1.415528503248772e-5,0.9101120736142949,0.142,0.071,0.26563807891966457,9,KDM5B
1.4232304800631598e-5,0.6743836368781744,0.506,0.394,0.2670834318886526,9,DUSP6
1.4465162752452326e-5,0.9513847294979498,0.207,0.122,0.2714532442125204,9,ELK3
1.4659777062386e-5,0.24981495490579153,0.954,0.918,0.2751053763527357,9,RPL9
1.477415660261782e-5,1.0741505821723631,0.203,0.12,0.27725182280472604,9,P2RX4
1.480260628994802e-5,1.5084640788550066,0.057,0.019,0.27778570963716454,9,FLT1
1.4947254265556995e-5,3.5472329405878424,0.011,0.001,0.28050017354744256,9,KCTD16
1.504411991286817e-5,3.227482692736351,0.011,0.001,0.2823179542848841,9,ENSG00000249125
1.5157886327456637e-5,2.9453267042133584,0.011,0.001,0.28445289482105124,9,RRM2
1.5181660908237803e-5,0.33216786619031025,0.851,0.795,0.2848990486039906,9,RAC1
1.5223263502564608e-5,2.9160138968016707,0.011,0.001,0.28567976288912744,9,SLCO2B1
1.530850247654083e-5,0.7095384071015647,0.257,0.159,0.28727935747476524,9,DUSP2
1.599407470727427e-5,0.879606136424367,0.307,0.208,0.300144805956709,9,ARPC5L
1.6334223331553002e-5,0.40356142720602506,0.877,0.788,0.30652803503992365,9,NPC2
1.6535514454024767e-5,1.0381907753822137,0.149,0.078,0.3103054642442288,9,NIBAN2
1.708731871590778e-5,2.4628239474055382,0.019,0.003,0.32066062302272536,9,DPYSL3
1.7523478433999715e-5,0.6269537967142852,0.356,0.253,0.32884559629243865,9,RCOR1
1.788720933493014e-5,0.48140390654370147,0.586,0.485,0.335671370379299,9,FOXN3
1.8217742706521357e-5,0.6080058381631406,0.326,0.222,0.34187415963057977,9,ANPEP
1.8947438043886794e-5,1.6907914480334085,0.069,0.026,0.35556762233157957,9,ENSG00000259345
2.0064435681903325e-5,1.5490261193689865,0.077,0.031,0.3765292000065978,9,SPRED2
2.034663997756613e-5,0.904906084614378,0.195,0.114,0.381825045819006,9,MIOS
2.1050164062829362e-5,2.7200256267256506,0.015,0.002,0.39502737880305583,9,CXXC5-AS1
2.142989007657762e-5,2.6734448166887956,0.015,0.002,0.4021533171770556,9,BTG3-AS1
2.1611285765045098e-5,0.9284184586085662,0.169,0.093,0.4055573886668363,9,ZBTB24
2.225206370350281e-5,2.877487325280136,0.023,0.005,0.41758222745993373,9,LINC02964
2.252228614678669e-5,0.3756574876480927,0.686,0.573,0.42265322183059906,9,GSTO1
2.2765799336894075e-5,0.718915439904676,0.23,0.139,0.42722299035615424,9,TSPYL2
2.31898222654928e-5,0.9612509530530329,0.211,0.126,0.4351802046342379,9,RUNX3
2.3704612792939136e-5,0.578653633213922,0.318,0.214,0.4448407636722958,9,SYAP1
2.378242625192758e-5,0.15612459212390206,1,0.998,0.446301011043673,9,S100A6
2.574550960876022e-5,1.6751205006406675,0.077,0.031,0.48314023331799427,9,SNAPC1
2.6008512080525806e-5,0.7143074788816827,0.33,0.229,0.48807573770314727,9,CNOT1
2.602817092680891e-5,0.3670375849516261,0.682,0.571,0.488444655612496,9,GUK1
2.617360904360965e-5,0.3650561785816453,0.709,0.601,0.49117394731237873,9,RAB31
2.7121328167438706e-5,1.4036582476480959,0.069,0.026,0.5089588443901547,9,BAG3
2.8270345725504684e-5,0.5523408341406879,0.433,0.324,0.5305213078848209,9,SFT2D1
2.8485988534895084e-5,0.7029691365156421,0.284,0.185,0.5345680608458412,9,PLEKHF2
2.9132579155746403e-5,0.4535044059294182,0.441,0.324,0.546701980436737,9,CYTIP
3.0140935602272362e-5,3.0448661827233776,0.015,0.002,0.5656247975122431,9,LINC02056
3.037916131722938e-5,2.7780450580203064,0.015,0.002,0.5700953412791265,9,FFAR3
3.068893093672166e-5,0.9305417129567384,0.153,0.082,0.5759084779585186,9,UBASH3B
3.086099144428983e-5,2.5473180566508287,0.015,0.002,0.579137365443543,9,LINC01271
3.163131211766691e-5,1.7985688926927006,0.073,0.029,0.5935932032001373,9,SLC9A7
3.264568479850022e-5,1.1658922197636006,0.115,0.055,0.6126289209286551,9,MAFF
3.363036663728471e-5,0.6296166643935085,0.322,0.219,0.6311074603152849,9,IFNAR2
3.3927886525231374e-5,3.0675978107636555,0.023,0.005,0.6366907185324919,9,SHISAL2A
3.3956012502709214e-5,1.7775235997889935,0.046,0.015,0.6372185306258411,9,ENSG00000287865
3.41680586163514e-5,0.230644954730006,1,0.992,0.6411977879944504,9,IFI30
3.462457813384001e-5,0.7650808766982059,0.291,0.198,0.6497648332596416,9,TUBA1C
3.580741577891877e-5,0.1829504728085931,1,0.979,0.6719619645071897,9,RPS10
3.712473702581071e-5,0.3931863400812916,0.682,0.583,0.6966828150263638,9,EIF4G2
3.780849079601601e-5,0.5333861303292364,0.456,0.347,0.7095141382780364,9,TLE4
3.927145440887142e-5,1.2213213880433318,0.107,0.051,0.7369681134368811,9,HMGB3
4.241900770150692e-5,2.0697411425850727,0.038,0.011,0.7960350985264789,9,DHRS9
4.398968965754291e-5,1.5870314697671155,0.073,0.03,0.8255105161134502,9,GAS2L3
4.405857405584635e-5,2.5940602659985457,0.015,0.002,0.8268032007320125,9,JARID2-DT
4.488132512742268e-5,0.7092187365999826,0.253,0.161,0.842242947341214,9,CWC25
4.66578174014595e-5,2.202356496025292,0.034,0.009,0.875580601355789,9,SLC1A3
4.7902565450374766e-5,2.525138453045664,0.019,0.004,0.8989395432417329,9,LINC00243
5.024321958800245e-5,2.6061286380161732,0.023,0.005,0.942864258788454,9,ENSG00000253557
5.032620407912141e-5,0.1643204220637151,0.973,0.955,0.9444215457487924,9,RPL17
5.059422951233181e-5,2.6063315262045506,0.023,0.005,0.9494513110284187,9,COPS8-DT
5.199111733126331e-5,0.9187726900240252,0.195,0.118,0.9756653078384873,9,TBC1D23
5.491181985438643e-5,0.9479996204225791,0.103,0.049,1,9,HLA-G
5.545343089343991e-5,0.22725600498850573,0.931,0.899,1,9,RPL7
5.594925726647332e-5,1.1483397382203926,0.126,0.066,1,9,ENG
5.608206531771747e-5,0.9216113929016363,0.192,0.114,1,9,HAPSTR1
5.801120429372028e-5,1.4016144636547785,0.054,0.019,1,9,RARG
5.804775860114572e-5,0.8436208087785754,0.169,0.095,1,9,MIR181A1HG
5.810538975822913e-5,0.6111819584850919,0.352,0.254,1,9,ATF4
5.942637287061921e-5,0.7255335027933361,0.203,0.122,1,9,TMCO3
6.123269016441366e-5,1.1768911740026133,0.084,0.037,1,9,CHD7
6.130604631204434e-5,2.3437377699068405,0.019,0.004,1,9,LINC00499
6.180058021269063e-5,0.6395304987568933,0.268,0.176,1,9,BLTP3B
6.243790357618201e-5,0.8217837127446582,0.207,0.127,1,9,KLF11
6.24958629682916e-5,0.34397226780600265,0.939,0.872,1,9,CEBPD
6.30293369782608e-5,0.6041147956177966,0.594,0.509,1,9,GADD45B
6.396509554872812e-5,1.8293640303287688,0.042,0.013,1,9,SNAI1
6.468681591623168e-5,0.8362644444775293,0.138,0.073,1,9,MEX3C
6.481719562423286e-5,1.1421071005843988,0.084,0.037,1,9,DISP1
6.557528589223008e-5,1.909153419037081,0.042,0.013,1,9,ADORA2B
6.563917352536148e-5,1.483397994783557,0.084,0.037,1,9,AUTS2
6.769920956158188e-5,1.0045079757991244,0.142,0.076,1,9,INPP5A
6.816045899724424e-5,1.2936438177666783,0.103,0.05,1,9,RNF103
6.820112333529074e-5,1.932059593509467,0.042,0.013,1,9,FMNL3
7.019590814427727e-5,0.9719234735401602,0.192,0.116,1,9,YTHDF1
7.09281067495157e-5,0.6706828548824593,0.307,0.209,1,9,FCAR
7.207912143074687e-5,0.8572887700008527,0.161,0.09,1,9,RASA1
7.446988402670356e-5,0.3199944378809092,0.762,0.698,1,9,UBE2D3
7.611729116868934e-5,0.8868440123374894,0.172,0.1,1,9,CHSY1
7.697057989652464e-5,4.177442942409645,0.011,0.001,1,9,ADGRG1
7.725029116555374e-5,0.4948773599887074,0.456,0.344,1,9,CHMP4B
7.782972858154991e-5,0.6140828421397769,0.268,0.175,1,9,ITPRID2
7.884242303783996e-5,2.8849769914885375,0.011,0.001,1,9,CAMSAP3
8.03038154173983e-5,1.7113228613063782,0.038,0.012,1,9,HOXA5
8.244600666682968e-5,2.823542247240842,0.015,0.002,1,9,SCD
8.28311519331721e-5,0.3297196323418814,0.736,0.606,1,9,CD83
8.309881334332828e-5,3.0000333595125044,0.015,0.002,1,9,SLA2
8.315124584502822e-5,0.5305222843346877,0.36,0.263,1,9,SAMSN1
8.362476034205689e-5,2.436114498013565,0.027,0.007,1,9,ADRB1
8.388306296551503e-5,1.1661633560111317,0.103,0.05,1,9,SIPA1L2
8.861747614538584e-5,2.1857242188669876,0.023,0.005,1,9,ENSG00000289854
9.987181542730053e-5,1.9753602215362793,0.027,0.007,1,9,LYPD3
1.0351798192197073e-4,0.15759708251985227,1,0.994,1,9,TPT1
1.0489937621192136e-4,0.4951497666197349,0.487,0.384,1,9,HNRNPM
1.0771328667514008e-4,1.4729179370673617,0.061,0.024,1,9,ENSG00000274021
1.0927575812981273e-4,1.6952794385714003,0.038,0.012,1,9,CLDND2
1.0982029247932172e-4,1.0608582317578052,0.111,0.056,1,9,TPCN2
1.105239390042763e-4,1.7906520851208318,0.05,0.018,1,9,SRGAP1
1.168130835362119e-4,1.366417489769613,0.084,0.038,1,9,NECTIN2
1.1807958477318993e-4,2.7772040741655246,0.023,0.005,1,9,IL1RL2
1.2163406344650171e-4,0.9762573001332326,0.138,0.076,1,9,FPGS
1.232868499370908e-4,0.6800604454903743,0.241,0.156,1,9,RLF
1.233554885000728e-4,3.2306586496587197,0.011,0.002,1,9,SLC45A1
1.2355845446286376e-4,1.7997335837824875,0.034,0.01,1,9,MXRA7
1.2368221213086573e-4,3.116883676662148,0.011,0.002,1,9,ENSG00000288555
1.247771923928734e-4,2.5182955048765674,0.011,0.002,1,9,ENSG00000290758
1.2510746424720053e-4,2.8352166249325927,0.011,0.002,1,9,LIM2-AS1
1.255491086811925e-4,2.5836615179414624,0.011,0.002,1,9,LOXL1
1.2639126026039546e-4,1.449870397457536,0.046,0.016,1,9,ENSG00000286153
1.3285957359964717e-4,0.7940931568003828,0.234,0.153,1,9,CPEB4
1.3334418202661817e-4,0.9247621822924357,0.092,0.043,1,9,ENSG00000288879
1.3790601506906715e-4,0.699434684431989,0.234,0.152,1,9,PFKFB3
1.3792697428491627e-4,0.4384322613915217,0.548,0.436,1,9,UBE2R2
1.3838913530379114e-4,0.9954090386442807,0.195,0.122,1,9,B4GALT5
1.4717629473463774e-4,1.0125074002496577,0.165,0.098,1,9,MPHOSPH6
1.4939969612608753e-4,1.5873356070264206,0.042,0.014,1,9,SHB
1.4991986743827321e-4,2.2731311938832564,0.019,0.004,1,9,UPK2
1.5065142691451125e-4,1.1224488671636328,0.119,0.062,1,9,THOC1
1.5792406392854205e-4,0.9078799233752652,0.149,0.085,1,9,TMEM70
1.5912572168469855e-4,1.1826062069511765,0.096,0.046,1,9,BIN1
1.623025901839868e-4,0.5073577520651171,0.456,0.357,1,9,ANKRD11
1.624818397939798e-4,0.9777652733437694,0.123,0.065,1,9,NDST1
1.6858265916340349e-4,2.3258523067427914,0.023,0.005,1,9,ENSG00000289974
1.7466877710925103e-4,1.1634131825034812,0.126,0.068,1,9,SLC17A5
1.8074166368681907e-4,1.5025459909064103,0.05,0.018,1,9,DNAJB5-DT
1.8175705173370768e-4,0.6648790183705738,0.299,0.212,1,9,NFAT5
1.8752857150278518e-4,1.6121246675684393,0.034,0.01,1,9,IPO9-AS1
1.8814316657795856e-4,0.2924538433669224,0.636,0.523,1,9,TIMP2
1.8883035644912588e-4,1.4480094423251244,0.111,0.057,1,9,TRIM11
1.8947672993098783e-4,2.6921398285974387,0.011,0.002,1,9,LINC02941
1.90334332187963e-4,0.7082792588522002,0.199,0.123,1,9,NUDT4
1.9063652199983043e-4,0.6578142073389024,0.307,0.218,1,9,DNAJC1
1.9340066684023184e-4,0.6341199234470323,0.253,0.17,1,9,TPP2
1.9795405683386443e-4,0.8336836402667729,0.142,0.079,1,9,DNMBP
2.0177071938656167e-4,0.8518683788935739,0.165,0.097,1,9,KDM2B
2.0292413640530981e-4,0.5272315191780237,0.276,0.187,1,9,DEF8
2.0322521823724543e-4,1.8968992546791354,0.042,0.014,1,9,TMEM51
2.0612273624119417e-4,1.023851275236965,0.115,0.06,1,9,ENSG00000287216
2.1672274568245608e-4,2.570378525780958,0.019,0.004,1,9,MATK
2.178046582767551e-4,0.6560499009178764,0.291,0.205,1,9,ARIH2
2.1902660788944813e-4,0.731334023423887,0.199,0.124,1,9,RYBP
2.1983298588903018e-4,1.185700452312966,0.13,0.073,1,9,MTHFD2L
2.2079282913032834e-4,0.37201073924185724,0.571,0.472,1,9,HNRNPL
2.2187254441537275e-4,1.4893861955720293,0.057,0.023,1,9,TG
2.2553776657424749e-4,1.821412713615981,0.027,0.007,1,9,WHRN
2.296546588822237e-4,0.8836051370044442,0.149,0.086,1,9,ARPP19
2.3085778064221044e-4,1.7060623014722092,0.031,0.009,1,9,RHOBTB3
2.3263177611226475e-4,0.7098664529350441,0.337,0.251,1,9,MPP1
2.360335375557988e-4,1.1523089526941586,0.088,0.042,1,9,DNAJC25
2.4363697850432104e-4,1.5424774943063655,0.057,0.023,1,9,MAFK
2.5095616063153535e-4,0.8674834682351813,0.169,0.101,1,9,AGO2
2.570651250282944e-4,0.9503658912552047,0.13,0.072,1,9,TRMT6
2.622953781194024e-4,0.7821849892945434,0.146,0.082,1,9,SSBP3
2.717912966757443e-4,0.8269551187581152,0.241,0.163,1,9,MALT1
2.7245358554667747e-4,0.4568281152078978,0.54,0.442,1,9,CMTM6
2.7448932997223746e-4,0.41773973739851367,0.517,0.422,1,9,YBX3
2.750843405656876e-4,0.40323469950099766,0.563,0.469,1,9,BACH1
2.7570838727246437e-4,0.6797774126543139,0.368,0.284,1,9,BEST1
2.7650555602270544e-4,3.1460526601606293,0.011,0.002,1,9,FGF13
2.7806526762709884e-4,1.5579651358041189,0.061,0.026,1,9,TBC1D22B
2.782965357575608e-4,3.013781264628408,0.011,0.002,1,9,LINC01262
2.785211710313165e-4,3.0188945843108232,0.011,0.002,1,9,HAVCR1
2.807200994088527e-4,0.6072220566375577,0.253,0.166,1,9,GATAD2B
2.8683903956951276e-4,0.3105698070941938,0.598,0.511,1,9,U2AF1
2.8911517353623085e-4,1.1249343217244947,0.057,0.023,1,9,EGR3
2.941332999285732e-4,1.0312852173251932,0.165,0.101,1,9,CNST
2.978485737785502e-4,0.7686237130392775,0.161,0.096,1,9,BANP
3.066810127084892e-4,2.206862735080947,0.023,0.006,1,9,HCG20
3.078180255276018e-4,0.4448572322701896,0.464,0.366,1,9,TUBB4B
3.135243506604711e-4,2.4685390935967337,0.019,0.004,1,9,SPATA21
3.150732469365718e-4,1.336622756844944,0.084,0.04,1,9,DHX34
3.1743127409143994e-4,0.7323910417473434,0.215,0.14,1,9,TFDP1
3.192972422360305e-4,0.9416539322317306,0.096,0.047,1,9,ADNP2
3.2582098497213174e-4,1.3868507657796338,0.05,0.019,1,9,EGR2
3.3501100965331625e-4,0.6540447395483713,0.234,0.155,1,9,RAB22A
3.3520758274315735e-4,0.19667444855974114,0.973,0.96,1,9,LGALS1
3.3536666123624943e-4,1.0264429858423072,0.088,0.043,1,9,RGS12
3.367862447993112e-4,0.3786607431409865,0.59,0.491,1,9,MED13L
3.4345089655241274e-4,2.707529697141375,0.023,0.006,1,9,PCSK6
3.4527296423321615e-4,1.002961919843609,0.157,0.094,1,9,CD300LB
3.5605886481144405e-4,1.159781020761701,0.061,0.026,1,9,RCL1
3.5641994292413907e-4,0.6013650713908942,0.307,0.226,1,9,B4GALT1
3.6081435265653634e-4,0.6837867507656379,0.192,0.121,1,9,CREM
3.630894278018383e-4,0.6691467672868467,0.253,0.174,1,9,ENSG00000258216
3.6538674551023903e-4,2.9221826254961685,0.019,0.004,1,9,LINC03002
3.689196638998715e-4,0.5945815415939066,0.218,0.141,1,9,ARFGEF2
3.7474619232168843e-4,0.5236525753724612,0.345,0.254,1,9,TMEM170B
3.776035397876543e-4,0.58854006097678,0.356,0.266,1,9,AGFG1
3.777778413059536e-4,0.7847453756842402,0.165,0.1,1,9,PTBP2
3.783194184158577e-4,0.5086583782872125,0.307,0.22,1,9,RIC1
3.7873845611746356e-4,0.56766938554866,0.31,0.222,1,9,YTHDF3
3.818079596942844e-4,0.7634786236562894,0.18,0.112,1,9,CCR1
3.9490749847685924e-4,2.0527627693314967,0.034,0.011,1,9,DENND5B
3.9574725337804246e-4,1.645418663273294,0.038,0.013,1,9,RGS1
4.0167038744813257e-4,1.6647566043943618,0.034,0.011,1,9,MUC12
4.03655258323009e-4,0.83658727841322,0.126,0.07,1,9,PHF10
4.0519485433298884e-4,2.608120421674796,0.011,0.002,1,9,SLC6A8
4.075465335519982e-4,0.5073450271020197,0.46,0.375,1,9,THEMIS2
4.101252442161623e-4,0.5439498346617139,0.322,0.234,1,9,MAP2K1
4.1044630886987767e-4,2.735831670729284,0.015,0.003,1,9,ENSG00000287269
4.1716682660501085e-4,0.7832130400304316,0.161,0.096,1,9,TGIF1
4.1896858325996927e-4,1.6219246174721844,0.05,0.019,1,9,ADCY3
4.289698336251976e-4,0.7911481963478859,0.192,0.122,1,9,PDLIM7
4.2934801351548335e-4,0.1967501703554908,0.939,0.898,1,9,CLIC1
4.5737069784692024e-4,1.4316874366798538,0.065,0.029,1,9,MYC
4.622741445974231e-4,0.945887493277358,0.08,0.038,1,9,SRC
4.625010706242162e-4,1.1548826455487093,0.08,0.038,1,9,ARHGAP5
4.625908370099276e-4,1.0150007109949486,0.111,0.06,1,9,PLBD2
4.7318694302721573e-4,2.1565797116074497,0.027,0.008,1,9,ENSG00000288615
4.7412369255799957e-4,0.78992539911907,0.222,0.15,1,9,RAB20
5.123396146883577e-4,2.650140285608906,0.015,0.003,1,9,DNAH14
5.155334004095378e-4,1.1786446454204136,0.111,0.06,1,9,GFOD1
5.275377268561672e-4,0.4774176457226671,0.383,0.298,1,9,NOL7
5.29835784504096e-4,1.1467067352604445,0.088,0.044,1,9,ZBTB21
5.310833864474817e-4,1.9672989103780667,0.015,0.003,1,9,BRWD1-AS2
5.36819701825303e-4,0.5919618207851003,0.333,0.254,1,9,MXD1
5.460010073430398e-4,1.135974045548099,0.061,0.026,1,9,LINC02649
5.538582534257214e-4,0.7943628414942455,0.165,0.1,1,9,PLEKHO2
5.564009016972949e-4,3.292111664869517,0.011,0.002,1,9,S1PR2
5.631950315298066e-4,1.0981609454115278,0.115,0.063,1,9,CNEP1R1
5.708782427504506e-4,1.4197003127087888,0.05,0.02,1,9,TMEM52B
5.744134809126428e-4,0.863032401812976,0.149,0.09,1,9,ATG101
5.916833754309602e-4,0.4342872193953765,0.529,0.45,1,9,ETV6
5.975576777527206e-4,1.8341765775948145,0.034,0.011,1,9,PALM2AKAP2
6.06070330614163e-4,0.4306489187324516,0.556,0.48,1,9,ZFAND3
6.175734448983954e-4,0.370429336158435,0.586,0.517,1,9,UBE2D2
6.366193902046891e-4,1.2483975981881519,0.08,0.039,1,9,TP53INP2
6.429474642332269e-4,2.237013003383746,0.015,0.003,1,9,ENSG00000284624
6.518661017547123e-4,2.0699069732234188,0.015,0.003,1,9,ENSG00000215022
6.593802743151401e-4,0.8485006491280485,0.111,0.061,1,9,SNX8
6.637100478703895e-4,1.083715452850373,0.061,0.027,1,9,KCNJ15
6.664421551638664e-4,1.065155535340583,0.134,0.079,1,9,IGF2BP2
6.905783793873434e-4,0.6989170202155696,0.18,0.114,1,9,ENSG00000234961
7.233842896174832e-4,1.267496895612596,0.073,0.035,1,9,LINC01678
7.256355650736622e-4,0.4464300785205124,0.349,0.262,1,9,IQSEC1
7.420520487302074e-4,0.5832843029661143,0.307,0.229,1,9,NUTF2
7.43221591248788e-4,1.255921057385239,0.05,0.02,1,9,NET1
7.48707350487733e-4,0.2142177096369542,0.843,0.791,1,9,POLR2L
7.514969141100616e-4,0.7309660986260416,0.203,0.133,1,9,OPA1
7.651140238447994e-4,3.544456756103684,0.011,0.002,1,9,TKTL1
7.860464815863882e-4,0.5905442674266896,0.333,0.254,1,9,METRNL
8.005421575915038e-4,0.4224053570693964,0.425,0.338,1,9,NR3C1
8.18430513938426e-4,0.35790345102851084,0.51,0.421,1,9,RBM47
8.342231700751958e-4,0.37836853601320475,0.567,0.481,1,9,LY6E
8.442894406755758e-4,1.0922178584406435,0.103,0.056,1,9,PRR7
8.589892628630442e-4,0.26492160896020867,0.797,0.757,1,9,DAZAP2
8.630008653639702e-4,0.1987653977001731,0.904,0.868,1,9,YBX1
8.638202480363166e-4,0.6655891398393634,0.169,0.105,1,9,CDK9
8.873080383858684e-4,0.7605615196078417,0.314,0.239,1,9,VAV3
9.073715627057035e-4,1.9304035358653922,0.027,0.008,1,9,S100A13
9.341121471684374e-4,2.068343897436475,0.034,0.012,1,9,PDE6A
9.383728878088326e-4,0.7112208129031585,0.149,0.091,1,9,OAT
9.471922021003588e-4,2.769216352082155,0.019,0.005,1,9,KCNIP1
9.51912993668158e-4,1.1633899665285061,0.057,0.025,1,9,SPATA2
9.532674772706001e-4,2.5027283405414424,0.015,0.003,1,9,PANX2
9.605934227245584e-4,0.7061574249497132,0.199,0.132,1,9,TBK1
9.904159299118306e-4,0.837243832451702,0.13,0.077,1,9,EIF2AK3
0.001011691772356792,1.1311277641047908,0.046,0.018,1,9,TRAF3IP2
0.0010132903716255765,1.2201357651363072,0.061,0.028,1,9,KCNC3
0.0010299222499995766,1.471028365218614,0.023,0.006,1,9,CD44-DT
0.001032252091115046,1.1262915051107494,0.073,0.035,1,9,BTG3
0.001067251359634014,0.6851564558468375,0.253,0.176,1,9,SEPTIN6
0.0010734868733164903,0.6233964316220078,0.261,0.188,1,9,MKLN1
0.0010833781566050294,1.5721313653453817,0.027,0.008,1,9,ENSG00000255491
0.0010996285790310775,0.558612663373321,0.257,0.182,1,9,PLEKHB2
0.0011083801881033523,0.15262496871635856,0.996,0.964,1,9,RPL22
0.0011148325773765223,0.5106100838533065,0.215,0.143,1,9,EPC2
0.0011414721049456842,0.6729252771526603,0.261,0.185,1,9,CYSTM1
0.0011580048044783967,1.7724373268266067,0.031,0.01,1,9,LAT
0.0011763151354005027,0.5476891095486522,0.352,0.277,1,9,RBPJ
0.001226648904859415,0.11586379018775794,1,0.991,1,9,RPS7
0.0012318894949379746,1.5751567112579057,0.034,0.012,1,9,ZBTB46
0.0012320411805640703,0.39963501500982873,0.379,0.297,1,9,DNAJB6
0.0012328764628853485,1.5947008715416606,0.027,0.008,1,9,ENSG00000280878
0.0012412038277704127,0.5434415985663468,0.249,0.175,1,9,PXN
0.0012438583355116647,0.45960451788846657,0.368,0.277,1,9,IDS
0.0012495839955146346,1.2311824181031592,0.042,0.016,1,9,SORCS2
0.0012688767681951333,1.3129318737295055,0.065,0.031,1,9,CAMKK1
0.0012729313753961882,0.3788737050436777,0.456,0.369,1,9,ELOC
0.001276391380625099,1.0963768682418888,0.061,0.028,1,9,ENSG00000283118
0.0012792695961020989,1.017108038704515,0.054,0.023,1,9,ENSG00000288612
0.0012882613479844342,0.9233543112634559,0.115,0.066,1,9,MAPK7
0.0012902541387435284,0.34107885921101544,0.636,0.579,1,9,RBM3
0.0012962298440121253,1.60603502963226,0.05,0.021,1,9,E2F6
0.0013272633868012178,3.1064630559202273,0.011,0.002,1,9,SCNN1A
0.0013352776868813616,0.5311240945905005,0.429,0.344,1,9,ITGB1
0.0013448859438182862,1.6820613847243044,0.027,0.008,1,9,ENSG00000289365
0.001377834279574805,0.6807435807578776,0.218,0.148,1,9,KBTBD2
0.001400985077277655,0.30381300634169683,0.67,0.581,1,9,PTPRE
0.0014129954998001633,0.11196267071724009,0.992,0.993,1,9,RPL12
0.0014259011235937596,0.7855798782396443,0.169,0.109,1,9,EXTL3
0.0014622282273876585,0.460405276174625,0.421,0.343,1,9,RAB8B
0.0014642663579813985,0.2230057894083619,0.858,0.797,1,9,LRRFIP1
0.0015065669672528876,0.8002476437108534,0.096,0.052,1,9,RUNX2
0.001506663986264394,1.5465881417267187,0.038,0.014,1,9,ENSG00000284999
0.0015222550309500304,1.6503473798965334,0.034,0.012,1,9,ITGB1-DT
0.001559564440831359,0.9680885289224261,0.115,0.066,1,9,POLR1F
0.001631675277042174,0.8926127348753461,0.073,0.036,1,9,VDR
0.0016321712273242109,0.5129536941847478,0.284,0.208,1,9,CSF2RA
0.001668881523698812,0.4245584326716965,0.372,0.292,1,9,PNPLA8
0.001674892383371443,0.11618167923154132,0.992,0.992,1,9,RPLP2
0.0016908190566888425,0.7046004211494695,0.199,0.135,1,9,PTS
0.0017254428033141294,1.045516853937814,0.069,0.034,1,9,CNBD2
0.0017356176687634897,1.5450686247753596,0.046,0.019,1,9,GAS6
0.0017673549085794797,0.9648263960669805,0.092,0.05,1,9,ALAS1
0.0017719846248446195,2.215129698101702,0.011,0.002,1,9,ITGB8-AS1
0.0017723525213849426,0.602563854514387,0.211,0.146,1,9,DDA1
0.0017742462158994265,2.1314571996362552,0.011,0.002,1,9,SLC24A3-AS1
0.0017955772500083977,0.6252113253617329,0.199,0.133,1,9,MED13
0.001843833916297259,1.923196921124108,0.027,0.009,1,9,PHF13
0.0019245847302974174,2.5219217029255834,0.015,0.004,1,9,CRLF2
0.0019313095562205314,1.5432075677960855,0.023,0.007,1,9,ENSG00000257086
0.001939894803141136,1.044252677852155,0.069,0.034,1,9,CCDC85C
0.0019583538707239416,2.1489369427389224,0.015,0.004,1,9,ENSG00000286686
0.001964647015239495,0.4533272560670696,0.253,0.181,1,9,TSC22D2
0.0019659379211078598,0.7852401414539913,0.161,0.104,1,9,CLN8-AS1
0.0019837907111937797,1.9046839374577376,0.015,0.004,1,9,RNF152
0.002090495914094609,0.6186871072672833,0.23,0.163,1,9,TXNDC11
0.0020989433117818853,1.2590020120382297,0.046,0.019,1,9,GPR84
0.002100658822848263,0.5248517400957968,0.234,0.163,1,9,PSMD12
0.0021070353186250284,0.4940716666226717,0.345,0.27,1,9,ARL8A
0.0021378815671210206,0.7001761011251751,0.253,0.19,1,9,PITPNA
0.0021643625402937945,1.0205491941101397,0.103,0.06,1,9,MOAP1
0.00216722965937462,1.8659239975791362,0.019,0.005,1,9,MOGAT1
0.0021684459629758533,1.2414025841263527,0.073,0.037,1,9,TBC1D16
0.00216913105442948,0.5689615526715016,0.268,0.195,1,9,ATP9B
0.002173697015358389,0.39013331211172064,0.494,0.409,1,9,FNDC3B
0.002174438542614538,0.18578510987887809,0.931,0.879,1,9,RPL10A
0.002174871938516805,0.29631655674919344,0.916,0.893,1,9,ZFP36
0.002204438599443982,2.740264099296544,0.011,0.002,1,9,SLC35F2
0.002223553156958265,2.526298260130157,0.011,0.002,1,9,ENSG00000247345
0.0022400578239115637,2.41179992850231,0.011,0.002,1,9,DUSP14
0.0022547494408291066,1.357265964980047,0.05,0.022,1,9,AKAP13-AS1
0.002279117108500145,0.7689918839571234,0.199,0.138,1,9,STK40
0.0022824892035196265,0.701612098031345,0.176,0.119,1,9,HIVEP3
0.0023000780074676447,0.5541084059329633,0.276,0.205,1,9,USP8
0.0023075099901787672,0.3746308528670115,0.464,0.383,1,9,ASAP1
0.0023127477526994947,0.29552066382999276,0.663,0.584,1,9,ARF1
0.002324983150318833,1.6478201059764022,0.042,0.017,1,9,MISP3
0.0023297262602892566,0.5613142045672405,0.276,0.206,1,9,IL6R
0.0023464010052002106,0.13209106873522725,0.977,0.94,1,9,JUND
0.0023597829790711873,1.6063360002020186,0.015,0.004,1,9,GLIS3
0.0023628387543195985,0.6594442819466471,0.234,0.171,1,9,TOB1
0.0024075976431160756,0.3114952939960114,0.736,0.679,1,9,TGFB1
0.002426187594981629,0.49174124813081893,0.299,0.225,1,9,PTPN1
0.002491617709897496,0.37804427378640315,0.46,0.383,1,9,STK10
0.002493444471534564,0.6221766557401249,0.215,0.15,1,9,WDR37
0.002523586739280414,0.8922139758873748,0.111,0.065,1,9,KDM3A
0.0025380699297569884,0.5835337380477212,0.238,0.17,1,9,LCOR
0.002545372351345382,0.7155036509420358,0.149,0.095,1,9,PITPNB
0.002556242253907769,0.778714456815726,0.103,0.059,1,9,CCAR2
0.002561868985721667,1.338108786231127,0.05,0.022,1,9,ENSG00000291181
0.0026007070152150825,0.46624592736244763,0.268,0.195,1,9,MAPRE1
0.002610198377815096,0.6200533418734104,0.245,0.182,1,9,RAB5A
0.0026404236738603237,1.1672594931109987,0.057,0.027,1,9,DHX37
0.0026457310023564034,2.3314079200870035,0.015,0.004,1,9,LINC02999
0.0026684049718266383,0.8794305894662136,0.111,0.065,1,9,DCTN6-DT
0.002699563467153315,0.8715040458702172,0.065,0.032,1,9,SLC1A2
0.002701404070304494,0.6597973024650613,0.172,0.115,1,9,CLDND1
0.002702213720613117,0.8599416689346406,0.103,0.059,1,9,SLC16A6
0.0027116883992230004,0.872025598415535,0.115,0.068,1,9,AGAP3
0.0027157146204945574,2.0306699419076066,0.015,0.004,1,9,EDRF1-AS1
0.0027288601415942264,0.4625970236252488,0.471,0.388,1,9,LIMS1
0.002752294144198015,3.1033882879583072,0.011,0.002,1,9,ADGRG3
0.0027671044158088156,2.7840364761433314,0.011,0.002,1,9,H3C6
0.002776043577523081,0.28307754567814025,0.648,0.572,1,9,PLP2
0.0027786738040085934,2.9645267399004522,0.011,0.002,1,9,ENSG00000285639
0.0027839230977613843,0.9667915598825518,0.115,0.069,1,9,IL3RA
0.002794119982644192,0.10944169367739365,0.943,0.899,1,9,NEAT1
0.002825394510686795,2.128150984548789,0.011,0.002,1,9,UBE2L5
0.002861845402409621,1.0572560955399335,0.073,0.038,1,9,ABL2
0.002895193027643958,1.3295976129261984,0.023,0.007,1,9,APCDD1
0.00289937236734718,0.15761263797274738,0.966,0.944,1,9,RPS6
0.002916253708579794,0.3912561642386493,0.456,0.376,1,9,ANKRD12
0.002954999780695997,0.4008668792287091,0.471,0.389,1,9,AKIRIN2
0.0029775685932832033,0.2775660001983351,0.728,0.638,1,9,APLP2
0.0029845846667769242,1.4071972476125358,0.096,0.053,1,9,CCL4L2
0.0029867791838945478,0.9586795086532218,0.073,0.038,1,9,ENSG00000262898
0.003026286078503396,0.6242839783459134,0.195,0.136,1,9,PSMD11
0.0030995353146629255,2.1502087661617777,0.015,0.004,1,9,ENSG00000274292
0.0031015921667937834,1.1418251714287537,0.05,0.022,1,9,PRDM10
0.0031559840937447126,0.5332587659131409,0.165,0.106,1,9,MARCHF5
0.0032158796912938733,0.6013945773572864,0.234,0.169,1,9,GID8
0.003220156932489635,1.1120809706727246,0.069,0.035,1,9,CLN8
0.003236498614359994,1.0296837716407259,0.054,0.025,1,9,SEL1L3
0.003276317522967334,1.3254248594316693,0.042,0.018,1,9,TMEM255B
0.0033029217585402956,0.7159799789625774,0.126,0.077,1,9,MAFG
0.003302996447415409,0.4970490475017869,0.192,0.13,1,9,PTAR1
0.003373561796707257,0.60779855508114,0.165,0.109,1,9,PRXL2C
0.0034270445890899615,1.0954886511241004,0.054,0.025,1,9,STX17-DT
0.0034480278648940377,0.5989248861584544,0.249,0.185,1,9,BRWD1
0.00346227519758163,0.8443762946502418,0.126,0.079,1,9,FAM131B-AS2
0.003469332484997495,0.7003132183396235,0.211,0.149,1,9,CYTOR
0.0034740844604534706,0.8514817547148323,0.1,0.057,1,9,WWC3
0.003478942390281507,0.8587734072333704,0.119,0.073,1,9,GUCD1
0.0034848592197207788,2.418472175658672,0.011,0.002,1,9,PLXNA1
0.0034868661897295332,2.384587968283231,0.011,0.002,1,9,BFSP1
0.0035272271176205157,1.8090570915292563,0.011,0.002,1,9,COMETT
0.0035468008848719,1.0314551569654982,0.069,0.035,1,9,ATP10A
0.0035733170114579187,0.10129759847012654,0.992,0.991,1,9,RPL35A
0.0036121998685866878,0.6375825745740743,0.184,0.126,1,9,USF2
0.003639978566155471,1.0641686767013216,0.054,0.025,1,9,UAP1
0.0036433013105687966,1.9551789215499609,0.015,0.004,1,9,FSIP1
0.003648761649314057,0.39810764701301354,0.387,0.312,1,9,ARL8B
0.003667726295849122,0.23139208651773668,0.559,0.472,1,9,SF1
0.0037079409848650405,0.43185950782467863,0.299,0.226,1,9,FLOT1
0.0037361781406969464,0.7187936289260405,0.169,0.114,1,9,IRAK1
0.0037773764299134033,0.720480531138832,0.161,0.107,1,9,PSMD14
0.0038154304937486486,0.5572482692095886,0.13,0.08,1,9,CBX6
0.003816291233013162,0.11971737644609348,0.985,0.981,1,9,H3-3A
0.003822823199117757,0.2302897757636566,0.785,0.684,1,9,ANXA2
0.0038544859275327944,1.249931348649279,0.069,0.036,1,9,ABCG1
0.003924342520920257,0.9862155909731218,0.092,0.052,1,9,DVL3
0.003930084539745522,0.22061111873582906,0.797,0.719,1,9,NAMPT
0.004014898346959469,0.7112660659530843,0.176,0.12,1,9,RHOF
0.00406738924894422,0.10182930021393943,0.996,0.994,1,9,RPL37
0.004088824844097518,2.4011134525661593,0.015,0.004,1,9,ETV7
0.0041180310444659425,2.23750578762722,0.015,0.004,1,9,COLEC12
0.004130891528404747,0.34190185880272517,0.483,0.406,1,9,UQCRFS1
0.004138935709859855,0.6610238846546179,0.13,0.081,1,9,EVA1B
0.004162195401581539,2.03024065405344,0.015,0.004,1,9,GSDME
0.004232623787074725,2.4585893743410097,0.011,0.002,1,9,LINC02698
0.004234839675442518,0.8040273871189029,0.23,0.169,1,9,PTGER2
0.004234985018912421,2.777322097628627,0.011,0.002,1,9,ENSG00000260570
0.004263500457323281,0.42697422134407714,0.406,0.336,1,9,MAP4K4
0.004272455254741172,0.14432620942131136,0.801,0.705,1,9,IFITM3
0.004387585869729366,1.7932614740782604,0.034,0.014,1,9,ALPK2
0.004409204253907033,0.3147209868756532,0.437,0.361,1,9,UBALD2
0.004446328982852384,0.8697618548846182,0.111,0.068,1,9,COPRS
0.004505929363544265,1.1632089359111792,0.038,0.016,1,9,STON2
0.00455902413660161,0.7622033614471195,0.142,0.091,1,9,LDLRAD3
0.004559413503497068,0.5383508019607404,0.28,0.215,1,9,PARVB
0.004593767394440876,0.4381812385573406,0.264,0.195,1,9,BCL6
0.004639889003739375,0.7162709134846685,0.153,0.101,1,9,GGA1
0.004659223986019685,0.8173633729940961,0.107,0.065,1,9,RPTOR
0.004673890826418039,2.7207679606621697,0.015,0.004,1,9,PMEPA1
0.004673900219252507,0.2602389280772832,0.87,0.813,1,9,CD68
0.0047081448045835144,0.5134852931313422,0.261,0.194,1,9,NRBP1
0.004767366585467899,0.5545833992280352,0.188,0.129,1,9,SLC25A25
0.004792046941221556,0.8602651689321497,0.157,0.105,1,9,ATF5
0.00484207525554254,0.85501899079321,0.1,0.059,1,9,FURIN
0.004865822092511643,0.2093149964870129,0.828,0.754,1,9,GPX4
0.004881403314403916,0.5992536437693465,0.172,0.118,1,9,ADAM8
0.004885803906462826,1.1518575480475284,0.05,0.023,1,9,ASB2
0.004927940922719593,0.18806567426861998,0.931,0.909,1,9,SPI1
0.004966136473786048,2.5143339112068763,0.019,0.006,1,9,LRP12
0.0049676013359987135,1.0628207137669077,0.073,0.039,1,9,RBMS2
0.004978394007758981,0.33215811344450086,0.49,0.415,1,9,PSMA6
0.005000592709328241,1.0887545012238764,0.1,0.06,1,9,FARP2
0.005014400558430606,1.5665236132991307,0.027,0.01,1,9,ZSWIM1
0.005032123419090678,1.5620393088810642,0.031,0.012,1,9,ENSG00000228830
0.005088562996907727,0.40234247910652876,0.479,0.41,1,9,SEC62
0.005143872914951221,0.15554232144545344,0.828,0.762,1,9,RPL23
0.005162821739032229,2.376042249029177,0.011,0.002,1,9,ZNF502
0.005332186644052456,0.695666536554405,0.1,0.059,1,9,YJU2
0.005334023161398536,0.799386010791755,0.107,0.065,1,9,LONRF1
0.005345950674798149,0.6853063719701051,0.123,0.077,1,9,ARSG
0.0053848938213266135,1.045241704096175,0.084,0.048,1,9,SLC37A3
0.005397788997273658,1.9000531290374383,0.023,0.008,1,9,ZNF682
0.005398271355371744,0.49720432936122005,0.203,0.144,1,9,SLC25A13
0.005410556718937989,1.5538847489595407,0.027,0.01,1,9,AK4
0.005425056594974852,1.1887643072608771,0.057,0.028,1,9,IL4I1
0.005484322385175365,0.5692304569921899,0.195,0.139,1,9,WDFY1
0.005502644217842707,0.6529013194866673,0.184,0.129,1,9,SAR1A
0.0055074771449542094,1.9045400513966197,0.027,0.01,1,9,ARHGAP31-AS1
0.005561447413449634,1.4088770547160006,0.042,0.019,1,9,FSCN1
0.005602528075021446,0.30638512735663537,0.575,0.515,1,9,SFPQ
0.005608651602192812,0.5897531965176321,0.199,0.141,1,9,CD151
0.005729057126786825,0.9496277674717661,0.046,0.021,1,9,STARD4
0.005795352677603321,1.5927510762204062,0.046,0.021,1,9,PRDM1
0.0058224066560680085,0.41862720484947424,0.402,0.33,1,9,HNRNPA0
0.005925988638892117,0.6975797248805604,0.157,0.107,1,9,SOCS3
0.005984049900732886,0.6104003921353025,0.161,0.107,1,9,STK38L
0.006096051599810777,0.627913301102944,0.203,0.146,1,9,TRIO
0.006100672503092046,0.3129825550082208,0.483,0.396,1,9,JDP2
0.0061377428550464345,0.8828003415964578,0.092,0.054,1,9,ACVR1B
0.006160424879600095,1.1876028981282931,0.042,0.019,1,9,ENSG00000286288
0.006170588502880399,2.6639095602854175,0.011,0.002,1,9,TUBB1
0.006179585265670298,1.0976991263975577,0.054,0.026,1,9,LINC01412
0.006234243980378064,0.3474171609721132,0.402,0.327,1,9,RAB1A
0.006251453138731537,0.7769841615328514,0.126,0.081,1,9,VPS16
0.00627364231660589,0.8293383635786251,0.092,0.054,1,9,TMEM38B
0.006307670683021281,1.050636655800345,0.08,0.046,1,9,RBSN
0.006425006890161967,1.1180093856780902,0.061,0.032,1,9,KCNN4
0.00644796369476355,0.5169142277708381,0.238,0.177,1,9,TTYH3
0.006473367097440246,0.612478824876211,0.142,0.093,1,9,ZCCHC10
0.006529997335495347,0.8108303525362222,0.092,0.054,1,9,CD69
0.006532022767636681,0.3470316103747736,0.372,0.3,1,9,ZBTB7A
0.006646487569581401,0.6041789363217047,0.149,0.099,1,9,DDIT3
0.006724371883331751,0.48980457095820595,0.199,0.141,1,9,ENSG00000291073
0.0067927615255268785,1.4762523961673328,0.034,0.014,1,9,SH3BP5-AS1
0.006931125855915524,1.7608508639219744,0.019,0.006,1,9,ENSG00000290121
0.006999809921169072,0.5280996719717661,0.264,0.207,1,9,NENF
0.007020157178035007,0.5688456235858992,0.169,0.117,1,9,KAT6A
0.0071209330962384515,0.180423404898288,0.897,0.863,1,9,HLA-DRB1
0.007150652118834375,1.6797403765022616,0.027,0.01,1,9,ADORA2A-AS1
0.007257053950261566,2.7652424360245647,0.011,0.003,1,9,ENSG00000236069
0.007269896523902452,0.4087687372945483,0.391,0.325,1,9,C17orf49
0.007279221905708125,2.652846267084457,0.011,0.003,1,9,CUX2
0.007333013380225708,0.20943938695744269,0.755,0.701,1,9,HNRNPA1
0.007334907863500807,2.3694139368438236,0.011,0.003,1,9,PDC-AS1
0.007379114834707415,0.1836626067819651,0.805,0.763,1,9,CHCHD2
0.007379731485118184,2.0425952127706735,0.011,0.003,1,9,ENSG00000270117
0.007383477855489678,2.086366646671597,0.011,0.003,1,9,WEE2-AS1
0.007417854323389643,0.4178540388828875,0.268,0.205,1,9,PDLIM5
0.00743834215912385,1.1578533225013445,0.05,0.024,1,9,CLU
0.007537100891177412,0.7170134511399286,0.084,0.048,1,9,TCEAL3
0.007661737943197367,0.6736534171615096,0.169,0.119,1,9,NUS1
0.0076870686527344256,0.8160416647337845,0.115,0.073,1,9,RPRD1B
0.007961993538219449,1.41389765622064,0.027,0.01,1,9,FHL1P1
0.007995439180021144,0.36756318411289934,0.241,0.179,1,9,BRAF
0.008081242297294271,0.16801843060394006,0.927,0.925,1,9,RPL37A
0.008086409439533853,0.33407876275273757,0.364,0.295,1,9,RSRC2
0.008176962858406954,0.8569429964433926,0.088,0.052,1,9,INAFM2
0.008247000319826621,0.3736202452437211,0.261,0.196,1,9,SBDS
0.008336581462672363,1.7587712735980543,0.023,0.008,1,9,ENSG00000288885
0.008415778762245968,0.2641281571635439,0.517,0.434,1,9,ENSG00000235979
0.008614857122420284,2.4411561747204678,0.011,0.003,1,9,LINC00656
0.008620103566787435,0.28084304663102994,0.425,0.351,1,9,EIF1B
0.00864746382127826,2.0868225863989753,0.015,0.004,1,9,HOMER3-AS1
0.00869163035174218,2.161880581949408,0.011,0.003,1,9,ENSG00000287965
0.008871434702806389,0.5407184501670168,0.153,0.103,1,9,SPAST
0.00887442992057619,0.8897648103531108,0.073,0.04,1,9,PRMT9
0.00888156644581731,0.9866187790656942,0.054,0.027,1,9,ENSG00000267009
0.008905918790155757,1.8396072129831689,0.019,0.006,1,9,PC
0.008923267172691717,1.5076104645955022,0.015,0.004,1,9,PLAU
0.008985332678667649,1.5091400068636038,0.031,0.012,1,9,ENSG00000286887
0.00909870859595095,0.5625831895014993,0.203,0.149,1,9,ERN1
0.009128379831395302,0.3204209963648894,0.548,0.506,1,9,RILPL2
0.009181163945579994,0.8835449433075153,0.069,0.038,1,9,FPR3
0.009342857841742871,0.2944870481211239,0.548,0.481,1,9,YPEL5
0.00937976606091333,0.4823303609483142,0.375,0.323,1,9,CHP1
0.009380874944649842,0.3765903381900517,0.337,0.271,1,9,CUL3
0.009489444104832288,0.5983190691852438,0.092,0.055,1,9,IFI44L
0.009542936201754325,0.8730166274430414,0.138,0.094,1,9,ZC3H12A
0.009544325977587552,0.2707071614007432,0.368,0.297,1,9,ADRM1
0.009550260918592101,0.2757530898433167,0.874,0.846,1,9,ANXA1
0.009576844698311663,0.6432732721141929,0.149,0.103,1,9,DRAM1
0.009583276519901979,2.151193926380233,0.015,0.004,1,9,ENSG00000288751
0.009652985990681684,0.2658887640503562,0.544,0.474,1,9,WTAP
0.009713218395586523,1.3635482623536617,0.038,0.017,1,9,ENSG00000226644
0.009747174949287628,1.731760775335946,0.015,0.004,1,9,TNNT3
0.009796581422995736,1.2812010904580091,0.123,0.08,1,9,CCL3L3
0.009984559309680176,0.46698695701418635,0.18,0.127,1,9,KIF13B
0.009991413736561195,0.546435796905371,0.222,0.168,1,9,CD300C
